2026-09-09 17:30:55,754 [INFO] app.main: Explainable Injury AI API starting up.
2026-09-09 17:30:57,667 [WARNING] app.api.health: Database connectivity check failed: (psycopg.OperationalError) connection failed: connection to server at "127.0.0.1", port 5432 failed: FATAL:  password authentication failed for user "postgres"
Multiple connection attempts failed. All failures were:
- host: 'localhost', port: 5432, hostaddr: '::1': connection failed: connection to server at "::1", port 5432 failed: FATAL:  password authentication failed for user "postgres"
- host: 'localhost', port: 5432, hostaddr: '127.0.0.1': connection failed: connection to server at "127.0.0.1", port 5432 failed: FATAL:  password authentication failed for user "postgres"
(Background on this error at: https://sqlalche.me/e/20/e3q8)
2026-09-09 17:32:23,783 [WARNING] app.api.health: Database connectivity check failed: (psycopg.OperationalError) connection failed: connection to server at "127.0.0.1", port 5432 failed: FATAL:  password authentication failed for user "postgres"
Multiple connection attempts failed. All failures were:
- host: 'localhost', port: 5432, hostaddr: '::1': connection failed: connection to server at "::1", port 5432 failed: FATAL:  password authentication failed for user "postgres"
- host: 'localhost', port: 5432, hostaddr: '127.0.0.1': connection failed: connection to server at "127.0.0.1", port 5432 failed: FATAL:  password authentication failed for user "postgres"
(Background on this error at: https://sqlalche.me/e/20/e3q8)
2026-09-09 17:32:23,895 [WARNING] app.api.health: Database connectivity check failed: (psycopg.OperationalError) connection failed: connection to server at "127.0.0.1", port 5432 failed: FATAL:  password authentication failed for user "postgres"
Multiple connection attempts failed. All failures were:
- host: 'localhost', port: 5432, hostaddr: '::1': connection failed: connection to server at "::1", port 5432 failed: FATAL:  password authentication failed for user "postgres"
- host: 'localhost', port: 5432, hostaddr: '127.0.0.1': connection failed: connection to server at "127.0.0.1", port 5432 failed: FATAL:  password authentication failed for user "postgres"
(Background on this error at: https://sqlalche.me/e/20/e3q8)
2026-09-09 17:32:40,794 [WARNING] app.api.health: Database connectivity check failed: (psycopg.OperationalError) connection failed: connection to server at "127.0.0.1", port 5432 failed: FATAL:  password authentication failed for user "postgres"
Multiple connection attempts failed. All failures were:
- host: 'localhost', port: 5432, hostaddr: '::1': connection failed: connection to server at "::1", port 5432 failed: FATAL:  password authentication failed for user "postgres"
- host: 'localhost', port: 5432, hostaddr: '127.0.0.1': connection failed: connection to server at "127.0.0.1", port 5432 failed: FATAL:  password authentication failed for user "postgres"
(Background on this error at: https://sqlalche.me/e/20/e3q8)
2026-09-09 17:32:40,885 [WARNING] app.api.health: Database connectivity check failed: (psycopg.OperationalError) connection failed: connection to server at "127.0.0.1", port 5432 failed: FATAL:  password authentication failed for user "postgres"
Multiple connection attempts failed. All failures were:
- host: 'localhost', port: 5432, hostaddr: '::1': connection failed: connection to server at "::1", port 5432 failed: FATAL:  password authentication failed for user "postgres"
- host: 'localhost', port: 5432, hostaddr: '127.0.0.1': connection failed: connection to server at "127.0.0.1", port 5432 failed: FATAL:  password authentication failed for user "postgres"
(Background on this error at: https://sqlalche.me/e/20/e3q8)
2026-09-09 17:46:37,243 [INFO] app.main: Explainable Injury AI API starting up.
2026-09-09 17:56:54,068 [INFO] app.main: Explainable Injury AI API starting up.
2026-09-09 17:56:54,395 [INFO] app.database.mongodb: MongoDB indexes ensured.
2026-09-09 17:59:07,149 [INFO] app.main: Explainable Injury AI API starting up.
2026-09-09 17:59:07,168 [INFO] app.database.mongodb: MongoDB indexes ensured.
2026-09-09 17:59:29,870 [INFO] app.ml.ablation: M1_demographic: {'accuracy': 0.5125, 'precision': 0.5271, 'recall': 0.5484, 'f1_score': 0.5375, 'specificity': 0.4741, 'roc_auc': 0.5162, 'pr_auc': 0.5423, 'modality_configuration': 'M1_demographic', 'modalities': 'demographic'}
2026-09-09 17:59:30,481 [INFO] app.ml.ablation: M2_demographic_training: {'accuracy': 0.5458, 'precision': 0.5524, 'recall': 0.6371, 'f1_score': 0.5918, 'specificity': 0.4483, 'roc_auc': 0.5469, 'pr_auc': 0.5561, 'modality_configuration': 'M2_demographic_training', 'modalities': 'demographic+training'}
2026-09-09 17:59:31,106 [INFO] app.ml.ablation: M3_demographic_training_recovery: {'accuracy': 0.5375, 'precision': 0.5496, 'recall': 0.5806, 'f1_score': 0.5647, 'specificity': 0.4914, 'roc_auc': 0.5418, 'pr_auc': 0.5524, 'modality_configuration': 'M3_demographic_training_recovery', 'modalities': 'demographic+training+recovery'}
2026-09-09 17:59:31,749 [INFO] app.ml.ablation: M4_demographic_training_physiological: {'accuracy': 0.4917, 'precision': 0.5076, 'recall': 0.5403, 'f1_score': 0.5234, 'specificity': 0.4397, 'roc_auc': 0.496, 'pr_auc': 0.5251, 'modality_configuration': 'M4_demographic_training_physiological', 'modalities': 'demographic+training+physiological'}
2026-09-09 17:59:32,448 [INFO] app.ml.ablation: M5_demo_training_physio_recovery_lifestyle: {'accuracy': 0.5583, 'precision': 0.5703, 'recall': 0.5887, 'f1_score': 0.5794, 'specificity': 0.5259, 'roc_auc': 0.5683, 'pr_auc': 0.5469, 'modality_configuration': 'M5_demo_training_physio_recovery_lifestyle', 'modalities': 'demographic+training+physiological+recovery+lifestyle'}
2026-09-09 17:59:33,223 [INFO] app.ml.ablation: M6_all_modalities: {'accuracy': 0.5875, 'precision': 0.6016, 'recall': 0.5968, 'f1_score': 0.5992, 'specificity': 0.5776, 'roc_auc': 0.5998, 'pr_auc': 0.5867, 'modality_configuration': 'M6_all_modalities', 'modalities': 'demographic+training+physiological+recovery+lifestyle+injury_history'}
2026-09-09 18:07:01,182 [INFO] httpx: HTTP Request: POST http://testserver/api/auth/register "HTTP/1.1 201 Created"
2026-09-09 18:07:01,432 [INFO] httpx: HTTP Request: POST http://testserver/api/auth/login "HTTP/1.1 200 OK"
2026-09-09 18:07:01,452 [INFO] httpx: HTTP Request: POST http://testserver/api/athletes "HTTP/1.1 201 Created"
2026-09-09 18:07:01,469 [INFO] httpx: HTTP Request: POST http://testserver/api/athletes/PYTEST-PRED-001/assessments "HTTP/1.1 201 Created"
2026-09-09 18:07:01,865 [INFO] httpx: HTTP Request: POST http://testserver/api/predictions "HTTP/1.1 201 Created"
2026-09-09 18:07:01,894 [INFO] httpx: HTTP Request: POST http://testserver/api/predictions "HTTP/1.1 201 Created"
2026-09-09 18:07:01,902 [INFO] httpx: HTTP Request: GET http://testserver/api/predictions/PRED-87978bfb39cc "HTTP/1.1 200 OK"
2026-09-09 18:07:01,927 [INFO] httpx: HTTP Request: GET http://testserver/api/athletes/PYTEST-PRED-001/predictions "HTTP/1.1 200 OK"
2026-09-09 18:07:01,937 [INFO] httpx: HTTP Request: POST http://testserver/api/predictions "HTTP/1.1 404 Not Found"
2026-09-09 18:07:01,948 [INFO] httpx: HTTP Request: POST http://testserver/api/athletes "HTTP/1.1 201 Created"
2026-09-09 18:07:01,955 [INFO] httpx: HTTP Request: GET http://testserver/api/athletes/PYTEST-001 "HTTP/1.1 200 OK"
2026-09-09 18:07:01,963 [INFO] httpx: HTTP Request: POST http://testserver/api/athletes "HTTP/1.1 201 Created"
2026-09-09 18:07:01,970 [INFO] httpx: HTTP Request: POST http://testserver/api/athletes "HTTP/1.1 409 Conflict"
2026-09-09 18:07:01,980 [INFO] httpx: HTTP Request: POST http://testserver/api/athletes "HTTP/1.1 201 Created"
2026-09-09 18:07:01,999 [INFO] httpx: HTTP Request: PUT http://testserver/api/athletes/PYTEST-003 "HTTP/1.1 200 OK"
2026-09-09 18:07:02,009 [INFO] httpx: HTTP Request: POST http://testserver/api/athletes "HTTP/1.1 201 Created"
2026-09-09 18:07:02,023 [INFO] httpx: HTTP Request: DELETE http://testserver/api/athletes/PYTEST-004 "HTTP/1.1 204 No Content"
2026-09-09 18:07:02,029 [INFO] httpx: HTTP Request: GET http://testserver/api/athletes/PYTEST-004 "HTTP/1.1 404 Not Found"
2026-09-09 18:07:02,037 [INFO] httpx: HTTP Request: GET http://testserver/api/athletes/PYTEST-DOES-NOT-EXIST "HTTP/1.1 404 Not Found"
2026-09-09 18:07:02,046 [INFO] httpx: HTTP Request: POST http://testserver/api/athletes "HTTP/1.1 422 Unprocessable Entity"
2026-09-09 18:07:02,276 [INFO] httpx: HTTP Request: POST http://testserver/api/auth/register "HTTP/1.1 201 Created"
2026-09-09 18:07:02,511 [INFO] httpx: HTTP Request: POST http://testserver/api/auth/login "HTTP/1.1 200 OK"
2026-09-09 18:07:02,740 [INFO] httpx: HTTP Request: POST http://testserver/api/auth/register "HTTP/1.1 201 Created"
2026-09-09 18:07:02,971 [INFO] httpx: HTTP Request: POST http://testserver/api/auth/login "HTTP/1.1 401 Unauthorized"
2026-09-09 18:07:03,220 [INFO] httpx: HTTP Request: POST http://testserver/api/auth/register "HTTP/1.1 201 Created"
2026-09-09 18:07:03,225 [INFO] httpx: HTTP Request: POST http://testserver/api/auth/register "HTTP/1.1 409 Conflict"
2026-09-09 18:07:03,231 [INFO] httpx: HTTP Request: GET http://testserver/api/auth/me "HTTP/1.1 401 Unauthorized"
2026-09-09 18:07:03,238 [INFO] httpx: HTTP Request: GET http://testserver/api/auth/me "HTTP/1.1 200 OK"
2026-09-09 18:07:03,271 [INFO] httpx: HTTP Request: GET http://testserver/api/health "HTTP/1.1 200 OK"
2026-09-09 18:13:44,774 [INFO] app.main: Explainable Injury AI API starting up.
2026-09-09 18:13:44,828 [INFO] app.database.mongodb: MongoDB indexes ensured.
2026-09-09 18:14:15,238 [INFO] httpx: HTTP Request: POST http://testserver/api/auth/register "HTTP/1.1 201 Created"
2026-09-09 18:14:16,089 [INFO] httpx: HTTP Request: POST http://testserver/api/auth/login "HTTP/1.1 200 OK"
2026-09-09 18:14:16,135 [INFO] httpx: HTTP Request: POST http://testserver/api/athletes "HTTP/1.1 201 Created"
2026-09-09 18:14:16,190 [INFO] httpx: HTTP Request: POST http://testserver/api/athletes/PYTEST-PRED-001/assessments "HTTP/1.1 201 Created"
2026-09-09 18:14:18,707 [INFO] httpx: HTTP Request: POST http://testserver/api/predictions "HTTP/1.1 201 Created"
2026-09-09 18:14:18,757 [INFO] httpx: HTTP Request: POST http://testserver/api/predictions "HTTP/1.1 201 Created"
2026-09-09 18:14:18,773 [INFO] httpx: HTTP Request: GET http://testserver/api/predictions/PRED-3e3528cb24a9 "HTTP/1.1 200 OK"
2026-09-09 18:14:18,821 [INFO] httpx: HTTP Request: GET http://testserver/api/athletes/PYTEST-PRED-001/predictions "HTTP/1.1 200 OK"
2026-09-09 18:14:18,842 [INFO] httpx: HTTP Request: POST http://testserver/api/predictions "HTTP/1.1 404 Not Found"
2026-09-09 18:14:18,864 [INFO] httpx: HTTP Request: POST http://testserver/api/athletes "HTTP/1.1 201 Created"
2026-09-09 18:14:18,882 [INFO] httpx: HTTP Request: GET http://testserver/api/athletes/PYTEST-001 "HTTP/1.1 200 OK"
2026-09-09 18:14:18,906 [INFO] httpx: HTTP Request: POST http://testserver/api/athletes "HTTP/1.1 201 Created"
2026-09-09 18:14:18,925 [INFO] httpx: HTTP Request: POST http://testserver/api/athletes "HTTP/1.1 409 Conflict"
2026-09-09 18:14:18,953 [INFO] httpx: HTTP Request: POST http://testserver/api/athletes "HTTP/1.1 201 Created"
2026-09-09 18:14:18,987 [INFO] httpx: HTTP Request: PUT http://testserver/api/athletes/PYTEST-003 "HTTP/1.1 200 OK"
2026-09-09 18:14:19,013 [INFO] httpx: HTTP Request: POST http://testserver/api/athletes "HTTP/1.1 201 Created"
2026-09-09 18:14:19,045 [INFO] httpx: HTTP Request: DELETE http://testserver/api/athletes/PYTEST-004 "HTTP/1.1 204 No Content"
2026-09-09 18:14:19,064 [INFO] httpx: HTTP Request: GET http://testserver/api/athletes/PYTEST-004 "HTTP/1.1 404 Not Found"
2026-09-09 18:14:19,087 [INFO] httpx: HTTP Request: GET http://testserver/api/athletes/PYTEST-DOES-NOT-EXIST "HTTP/1.1 404 Not Found"
2026-09-09 18:14:19,114 [INFO] httpx: HTTP Request: POST http://testserver/api/athletes "HTTP/1.1 422 Unprocessable Entity"
2026-09-09 18:14:19,850 [INFO] httpx: HTTP Request: POST http://testserver/api/auth/register "HTTP/1.1 201 Created"
2026-09-09 18:14:20,579 [INFO] httpx: HTTP Request: POST http://testserver/api/auth/login "HTTP/1.1 200 OK"
2026-09-09 18:14:21,266 [INFO] httpx: HTTP Request: POST http://testserver/api/auth/register "HTTP/1.1 201 Created"
2026-09-09 18:14:22,017 [INFO] httpx: HTTP Request: POST http://testserver/api/auth/login "HTTP/1.1 401 Unauthorized"
2026-09-09 18:14:22,705 [INFO] httpx: HTTP Request: POST http://testserver/api/auth/register "HTTP/1.1 201 Created"
2026-09-09 18:14:22,721 [INFO] httpx: HTTP Request: POST http://testserver/api/auth/register "HTTP/1.1 409 Conflict"
2026-09-09 18:14:22,742 [INFO] httpx: HTTP Request: GET http://testserver/api/auth/me "HTTP/1.1 401 Unauthorized"
2026-09-09 18:14:22,767 [INFO] httpx: HTTP Request: GET http://testserver/api/auth/me "HTTP/1.1 200 OK"
2026-09-09 18:14:22,930 [INFO] httpx: HTTP Request: GET http://testserver/api/health "HTTP/1.1 200 OK"
2026-09-09 18:20:32,473 [INFO] app.main: Explainable Injury AI API starting up.
2026-09-09 18:20:32,511 [INFO] app.database.mongodb: MongoDB indexes ensured.
2026-09-09 18:21:51,285 [INFO] app.main: Explainable Injury AI API starting up.
2026-09-09 18:21:51,312 [INFO] app.database.mongodb: MongoDB indexes ensured.
2026-09-09 19:34:24,438 [INFO] app.ml.hyperparameter_tuning: Best XGBoost params: {'colsample_bytree': np.float64(0.908897907718663), 'gamma': np.float64(0.993578407670862), 'learning_rate': np.float64(0.011049202253484457), 'max_depth': 5, 'min_child_weight': 3, 'n_estimators': 180, 'reg_alpha': np.float64(1.4226839054973), 'reg_lambda': np.float64(1.5803510810624113), 'subsample': np.float64(0.8423839899124046)} (CV F1=0.5862)
2026-09-09 19:34:24,708 [INFO] app.ml.ablation: M1_demographic: {'accuracy': 0.5125, 'precision': 0.5271, 'recall': 0.5484, 'f1_score': 0.5375, 'specificity': 0.4741, 'roc_auc': 0.5162, 'pr_auc': 0.5423, 'modality_configuration': 'M1_demographic', 'modalities': 'demographic'}
2026-09-09 19:34:28,590 [INFO] app.ml.ablation: M2_demographic_training: {'accuracy': 0.5458, 'precision': 0.5524, 'recall': 0.6371, 'f1_score': 0.5918, 'specificity': 0.4483, 'roc_auc': 0.5469, 'pr_auc': 0.5561, 'modality_configuration': 'M2_demographic_training', 'modalities': 'demographic+training'}
2026-09-09 19:34:31,740 [INFO] app.ml.ablation: M3_demographic_training_recovery: {'accuracy': 0.5375, 'precision': 0.5496, 'recall': 0.5806, 'f1_score': 0.5647, 'specificity': 0.4914, 'roc_auc': 0.5418, 'pr_auc': 0.5524, 'modality_configuration': 'M3_demographic_training_recovery', 'modalities': 'demographic+training+recovery'}
2026-09-09 19:34:35,489 [INFO] app.ml.ablation: M4_demographic_training_physiological: {'accuracy': 0.4917, 'precision': 0.5076, 'recall': 0.5403, 'f1_score': 0.5234, 'specificity': 0.4397, 'roc_auc': 0.496, 'pr_auc': 0.5251, 'modality_configuration': 'M4_demographic_training_physiological', 'modalities': 'demographic+training+physiological'}
2026-09-09 19:34:36,468 [INFO] app.ml.train_xgboost: Default XGBoost: {'accuracy': 0.5875, 'precision': 0.6016, 'recall': 0.5968, 'f1_score': 0.5992, 'specificity': 0.5776, 'roc_auc': 0.5998, 'pr_auc': 0.5867}
2026-09-09 19:34:36,469 [INFO] app.ml.train_xgboost: Optimized XGBoost: {'accuracy': 0.5667, 'precision': 0.5794, 'recall': 0.5887, 'f1_score': 0.584, 'specificity': 0.5431, 'roc_auc': 0.6145, 'pr_auc': 0.6245}
2026-09-09 19:34:38,270 [INFO] app.ml.ablation: M5_demo_training_physio_recovery_lifestyle: {'accuracy': 0.5583, 'precision': 0.5703, 'recall': 0.5887, 'f1_score': 0.5794, 'specificity': 0.5259, 'roc_auc': 0.5683, 'pr_auc': 0.5469, 'modality_configuration': 'M5_demo_training_physio_recovery_lifestyle', 'modalities': 'demographic+training+physiological+recovery+lifestyle'}
2026-09-09 19:34:40,371 [INFO] app.ml.ablation: M6_all_modalities: {'accuracy': 0.5875, 'precision': 0.6016, 'recall': 0.5968, 'f1_score': 0.5992, 'specificity': 0.5776, 'roc_auc': 0.5998, 'pr_auc': 0.5867, 'modality_configuration': 'M6_all_modalities', 'modalities': 'demographic+training+physiological+recovery+lifestyle+injury_history'}
2026-09-09 19:57:15,405 [INFO] app.main: Explainable Injury AI API starting up.
2026-09-09 19:57:15,466 [INFO] app.database.mongodb: MongoDB indexes ensured.
2026-09-09 19:57:25,159 [INFO] app.main: Explainable Injury AI API starting up.
2026-09-09 19:57:25,173 [INFO] app.database.mongodb: MongoDB indexes ensured.
2026-09-09 19:57:33,290 [INFO] app.main: Explainable Injury AI API starting up.
2026-09-09 19:57:33,310 [INFO] app.database.mongodb: MongoDB indexes ensured.
2026-09-09 19:57:46,338 [INFO] app.main: Explainable Injury AI API starting up.
2026-09-09 19:57:46,348 [INFO] app.database.mongodb: MongoDB indexes ensured.
2026-09-09 19:57:57,880 [INFO] app.main: Explainable Injury AI API starting up.
2026-09-09 19:57:57,952 [INFO] app.database.mongodb: MongoDB indexes ensured.
2026-09-09 19:58:07,959 [INFO] app.main: Explainable Injury AI API starting up.
2026-09-09 19:58:07,993 [INFO] app.database.mongodb: MongoDB indexes ensured.
2026-09-09 19:58:26,382 [INFO] app.main: Explainable Injury AI API starting up.
2026-09-09 19:58:26,402 [INFO] app.database.mongodb: MongoDB indexes ensured.
2026-09-09 19:58:45,289 [INFO] app.main: Explainable Injury AI API starting up.
2026-09-09 19:58:45,311 [INFO] app.database.mongodb: MongoDB indexes ensured.
2026-09-09 19:59:03,881 [INFO] app.main: Explainable Injury AI API starting up.
2026-09-09 19:59:04,195 [WARNING] app.main: Could not create MongoDB indexes at startup: Index build failed: 85b6cc46-89e3-4ef5-ac77-800fd9ae2f0e: Collection explainable_injury_ai.users ( ee8dca42-6aef-435b-a9b5-b1f8e2986c51 ) :: caused by :: E11000 duplicate key error collection: explainable_injury_ai.users index: email_1 dup key: { email: null }, full error: {'ok': 0.0, 'errmsg': 'Index build failed: 85b6cc46-89e3-4ef5-ac77-800fd9ae2f0e: Collection explainable_injury_ai.users ( ee8dca42-6aef-435b-a9b5-b1f8e2986c51 ) :: caused by :: E11000 duplicate key error collection: explainable_injury_ai.users index: email_1 dup key: { email: null }', 'code': 11000, 'codeName': 'DuplicateKey', 'keyPattern': {'email': 1}, 'keyValue': {'email': None}}
2026-09-09 19:59:39,770 [INFO] app.main: Explainable Injury AI API starting up.
2026-09-09 19:59:39,872 [INFO] app.database.mongodb: MongoDB indexes ensured.
2026-09-09 19:59:55,788 [INFO] app.main: Explainable Injury AI API starting up.
2026-09-09 19:59:55,810 [INFO] app.database.mongodb: MongoDB indexes ensured.
2026-09-09 20:00:00,782 [INFO] app.services.email_service: [SIMULATED EMAIL] To: pytest_researcher@example.com | Subject: Verify your Explainable Injury AI account | Link: http://localhost:5173/verify-email?token=8jdw5Aw3Bu18zwag3jz3-7MR4fkeXqZjiv2aBbchUUI
2026-09-09 20:00:00,787 [INFO] httpx: HTTP Request: POST http://testserver/api/auth/register "HTTP/1.1 201 Created"
2026-09-09 20:00:01,233 [INFO] httpx: HTTP Request: POST http://testserver/api/auth/login "HTTP/1.1 200 OK"
2026-09-09 20:00:01,252 [INFO] httpx: HTTP Request: POST http://testserver/api/athletes "HTTP/1.1 201 Created"
2026-09-09 20:00:01,269 [INFO] httpx: HTTP Request: POST http://testserver/api/athletes/PYTEST-PRED-001/assessments "HTTP/1.1 201 Created"
2026-09-09 20:00:02,086 [INFO] httpx: HTTP Request: POST http://testserver/api/predictions "HTTP/1.1 201 Created"
2026-09-09 20:00:02,133 [INFO] httpx: HTTP Request: POST http://testserver/api/predictions "HTTP/1.1 201 Created"
2026-09-09 20:00:02,147 [INFO] httpx: HTTP Request: GET http://testserver/api/predictions/PRED-0e4e011eda70 "HTTP/1.1 200 OK"
2026-09-09 20:00:02,163 [INFO] httpx: HTTP Request: GET http://testserver/api/athletes/PYTEST-PRED-001/predictions "HTTP/1.1 200 OK"
2026-09-09 20:00:02,178 [INFO] httpx: HTTP Request: POST http://testserver/api/predictions "HTTP/1.1 404 Not Found"
2026-09-09 20:00:02,196 [INFO] httpx: HTTP Request: POST http://testserver/api/athletes "HTTP/1.1 201 Created"
2026-09-09 20:00:02,206 [INFO] httpx: HTTP Request: GET http://testserver/api/athletes/PYTEST-001 "HTTP/1.1 200 OK"
2026-09-09 20:00:02,220 [INFO] httpx: HTTP Request: POST http://testserver/api/athletes "HTTP/1.1 201 Created"
2026-09-09 20:00:02,231 [INFO] httpx: HTTP Request: POST http://testserver/api/athletes "HTTP/1.1 409 Conflict"
2026-09-09 20:00:02,245 [INFO] httpx: HTTP Request: POST http://testserver/api/athletes "HTTP/1.1 201 Created"
2026-09-09 20:00:02,272 [INFO] httpx: HTTP Request: PUT http://testserver/api/athletes/PYTEST-003 "HTTP/1.1 200 OK"
2026-09-09 20:00:02,286 [INFO] httpx: HTTP Request: POST http://testserver/api/athletes "HTTP/1.1 201 Created"
2026-09-09 20:00:02,299 [INFO] httpx: HTTP Request: DELETE http://testserver/api/athletes/PYTEST-004 "HTTP/1.1 204 No Content"
2026-09-09 20:00:02,317 [INFO] httpx: HTTP Request: GET http://testserver/api/athletes/PYTEST-004 "HTTP/1.1 404 Not Found"
2026-09-09 20:00:02,339 [INFO] httpx: HTTP Request: GET http://testserver/api/athletes/PYTEST-DOES-NOT-EXIST "HTTP/1.1 404 Not Found"
2026-09-09 20:00:02,354 [INFO] httpx: HTTP Request: POST http://testserver/api/athletes "HTTP/1.1 422 Unprocessable Entity"
2026-09-09 20:00:02,804 [INFO] app.services.email_service: [SIMULATED EMAIL] To: pytest_user1@example.com | Subject: Verify your Explainable Injury AI account | Link: http://localhost:5173/verify-email?token=s-FAM-2rulQQPHu1y-B0BuA2voea1GJdTrMk9yg_wVA
2026-09-09 20:00:02,810 [INFO] httpx: HTTP Request: POST http://testserver/api/auth/register "HTTP/1.1 201 Created"
2026-09-09 20:00:03,286 [INFO] httpx: HTTP Request: POST http://testserver/api/auth/login "HTTP/1.1 200 OK"
2026-09-09 20:00:03,762 [INFO] app.services.email_service: [SIMULATED EMAIL] To: pytest_unverified@example.com | Subject: Verify your Explainable Injury AI account | Link: http://localhost:5173/verify-email?token=BfXJ-Hd3y1N3ClLs8PcMZgjFbmsbAvKa-3lRLk84_1I
2026-09-09 20:00:03,768 [INFO] httpx: HTTP Request: POST http://testserver/api/auth/register "HTTP/1.1 201 Created"
2026-09-09 20:00:04,294 [INFO] httpx: HTTP Request: POST http://testserver/api/auth/login "HTTP/1.1 200 OK"
2026-09-09 20:00:04,864 [INFO] app.services.email_service: [SIMULATED EMAIL] To: pytest_user2@example.com | Subject: Verify your Explainable Injury AI account | Link: http://localhost:5173/verify-email?token=o8bi-dSz1mvI1XQ21SaD9CxP4psOEt_8Xfhvn47YgAw
2026-09-09 20:00:04,868 [INFO] httpx: HTTP Request: POST http://testserver/api/auth/register "HTTP/1.1 201 Created"
2026-09-09 20:00:05,435 [INFO] httpx: HTTP Request: POST http://testserver/api/auth/login "HTTP/1.1 401 Unauthorized"
2026-09-09 20:00:06,025 [INFO] app.services.email_service: [SIMULATED EMAIL] To: pytest_dup@example.com | Subject: Verify your Explainable Injury AI account | Link: http://localhost:5173/verify-email?token=6sbD4DI5CmJ92etpPVFA0Y9wiKWF-h_0is2kIlQUMOc
2026-09-09 20:00:06,032 [INFO] httpx: HTTP Request: POST http://testserver/api/auth/register "HTTP/1.1 201 Created"
2026-09-09 20:00:06,052 [INFO] httpx: HTTP Request: POST http://testserver/api/auth/register "HTTP/1.1 409 Conflict"
2026-09-09 20:00:06,654 [INFO] app.services.email_service: [SIMULATED EMAIL] To: pytest_shared@example.com | Subject: Verify your Explainable Injury AI account | Link: http://localhost:5173/verify-email?token=EHmzODTP72E6r9LJKYGTvqJgEM3S3og_AjdJEyA9hPI
2026-09-09 20:00:06,659 [INFO] httpx: HTTP Request: POST http://testserver/api/auth/register "HTTP/1.1 201 Created"
2026-09-09 20:00:06,678 [INFO] httpx: HTTP Request: POST http://testserver/api/auth/register "HTTP/1.1 409 Conflict"
2026-09-09 20:00:06,698 [INFO] httpx: HTTP Request: POST http://testserver/api/auth/register "HTTP/1.1 422 Unprocessable Entity"
2026-09-09 20:00:06,717 [INFO] httpx: HTTP Request: GET http://testserver/api/auth/me "HTTP/1.1 401 Unauthorized"
2026-09-09 20:00:06,740 [INFO] httpx: HTTP Request: GET http://testserver/api/auth/me "HTTP/1.1 200 OK"
2026-09-09 20:00:07,371 [INFO] app.services.email_service: [SIMULATED EMAIL] To: pytest_verifyme@example.com | Subject: Verify your Explainable Injury AI account | Link: http://localhost:5173/verify-email?token=4t5nKrUofK2w_-OZ5x__QL4qetdTZAfwRUD8_8FqEjQ
2026-09-09 20:00:07,376 [INFO] httpx: HTTP Request: POST http://testserver/api/auth/register "HTTP/1.1 201 Created"
2026-09-09 20:00:10,140 [INFO] httpx: HTTP Request: POST http://testserver/api/auth/verify-email "HTTP/1.1 400 Bad Request"
2026-09-09 20:00:10,778 [INFO] app.services.email_service: [SIMULATED EMAIL] To: pytest_resend@example.com | Subject: Verify your Explainable Injury AI account | Link: http://localhost:5173/verify-email?token=3dDJx7aB9kUaHmbG8noQUDmsgBIdhuDxnlF0Dxui2uY
2026-09-09 20:00:10,781 [INFO] httpx: HTTP Request: POST http://testserver/api/auth/register "HTTP/1.1 201 Created"
2026-09-09 20:00:10,790 [INFO] app.services.email_service: [SIMULATED EMAIL] To: pytest_resend@example.com | Subject: Verify your Explainable Injury AI account | Link: http://localhost:5173/verify-email?token=97x6EW4cg-QkWQ3sq0wlQlns3Z75zRjLQRcLn5SdVIE
2026-09-09 20:00:10,796 [INFO] httpx: HTTP Request: POST http://testserver/api/auth/resend-verification "HTTP/1.1 200 OK"
2026-09-09 20:00:11,485 [INFO] app.services.email_service: [SIMULATED EMAIL] To: pytest_forgot@example.com | Subject: Verify your Explainable Injury AI account | Link: http://localhost:5173/verify-email?token=F5QbhlJD_VFR_WiHnbSi6PsASBj4unP6hnktfteQg3A
2026-09-09 20:00:11,490 [INFO] httpx: HTTP Request: POST http://testserver/api/auth/register "HTTP/1.1 201 Created"
2026-09-09 20:00:11,504 [INFO] app.services.email_service: [SIMULATED EMAIL] To: pytest_forgot@example.com | Subject: Reset your Explainable Injury AI password | Link: http://localhost:5173/reset-password?token=XipTI9Joq8xCqPNHO3Gs4kFpiWouD7Vm79qLd33g1Cg
2026-09-09 20:00:11,509 [INFO] httpx: HTTP Request: POST http://testserver/api/auth/forgot-password "HTTP/1.1 200 OK"
2026-09-09 20:00:12,426 [INFO] httpx: HTTP Request: POST http://testserver/api/auth/forgot-password "HTTP/1.1 200 OK"
2026-09-09 20:00:12,558 [INFO] httpx: HTTP Request: GET http://testserver/api/health "HTTP/1.1 200 OK"
2026-09-09 20:00:44,594 [INFO] app.main: Explainable Injury AI API starting up.
2026-09-09 20:00:44,652 [INFO] app.database.mongodb: MongoDB indexes ensured.
2026-09-09 20:00:50,059 [INFO] app.services.email_service: [SIMULATED EMAIL] To: pytest_researcher@example.com | Subject: Verify your Explainable Injury AI account | Link: http://localhost:5173/verify-email?token=2m19OPESTeHyxggJelUDAENf0vt1I8LcWUbYFTUzwCM
2026-09-09 20:00:50,065 [INFO] httpx: HTTP Request: POST http://testserver/api/auth/register "HTTP/1.1 201 Created"
2026-09-09 20:00:50,746 [INFO] httpx: HTTP Request: POST http://testserver/api/auth/login "HTTP/1.1 200 OK"
2026-09-09 20:00:50,777 [INFO] httpx: HTTP Request: POST http://testserver/api/athletes "HTTP/1.1 201 Created"
2026-09-09 20:00:50,809 [INFO] httpx: HTTP Request: POST http://testserver/api/athletes/PYTEST-PRED-001/assessments "HTTP/1.1 201 Created"
2026-09-09 20:00:52,230 [INFO] httpx: HTTP Request: POST http://testserver/api/predictions "HTTP/1.1 201 Created"
2026-09-09 20:00:52,284 [INFO] httpx: HTTP Request: POST http://testserver/api/predictions "HTTP/1.1 201 Created"
2026-09-09 20:00:52,297 [INFO] httpx: HTTP Request: GET http://testserver/api/predictions/PRED-79f1c4447d83 "HTTP/1.1 200 OK"
2026-09-09 20:00:52,312 [INFO] httpx: HTTP Request: GET http://testserver/api/athletes/PYTEST-PRED-001/predictions "HTTP/1.1 200 OK"
2026-09-09 20:00:52,328 [INFO] httpx: HTTP Request: POST http://testserver/api/predictions "HTTP/1.1 404 Not Found"
2026-09-09 20:00:52,350 [INFO] httpx: HTTP Request: POST http://testserver/api/athletes "HTTP/1.1 201 Created"
2026-09-09 20:00:52,364 [INFO] httpx: HTTP Request: GET http://testserver/api/athletes/PYTEST-001 "HTTP/1.1 200 OK"
2026-09-09 20:00:52,383 [INFO] httpx: HTTP Request: POST http://testserver/api/athletes "HTTP/1.1 201 Created"
2026-09-09 20:00:52,396 [INFO] httpx: HTTP Request: POST http://testserver/api/athletes "HTTP/1.1 409 Conflict"
2026-09-09 20:00:52,414 [INFO] httpx: HTTP Request: POST http://testserver/api/athletes "HTTP/1.1 201 Created"
2026-09-09 20:00:52,432 [INFO] httpx: HTTP Request: PUT http://testserver/api/athletes/PYTEST-003 "HTTP/1.1 200 OK"
2026-09-09 20:00:52,454 [INFO] httpx: HTTP Request: POST http://testserver/api/athletes "HTTP/1.1 201 Created"
2026-09-09 20:00:52,474 [INFO] httpx: HTTP Request: DELETE http://testserver/api/athletes/PYTEST-004 "HTTP/1.1 204 No Content"
2026-09-09 20:00:52,492 [INFO] httpx: HTTP Request: GET http://testserver/api/athletes/PYTEST-004 "HTTP/1.1 404 Not Found"
2026-09-09 20:00:52,514 [INFO] httpx: HTTP Request: GET http://testserver/api/athletes/PYTEST-DOES-NOT-EXIST "HTTP/1.1 404 Not Found"
2026-09-09 20:00:52,539 [INFO] httpx: HTTP Request: POST http://testserver/api/athletes "HTTP/1.1 422 Unprocessable Entity"
2026-09-09 20:00:53,156 [INFO] app.services.email_service: [SIMULATED EMAIL] To: pytest_user1@example.com | Subject: Verify your Explainable Injury AI account | Link: http://localhost:5173/verify-email?token=MjqKG6UAbx1hRl3mbHz3_z9gO3G5y6SJ5pynfVUZUXA
2026-09-09 20:00:53,160 [INFO] httpx: HTTP Request: POST http://testserver/api/auth/register "HTTP/1.1 201 Created"
2026-09-09 20:00:53,718 [INFO] httpx: HTTP Request: POST http://testserver/api/auth/login "HTTP/1.1 200 OK"
2026-09-09 20:00:54,278 [INFO] app.services.email_service: [SIMULATED EMAIL] To: pytest_unverified@example.com | Subject: Verify your Explainable Injury AI account | Link: http://localhost:5173/verify-email?token=sEmA7om7kC-fDpSmozM3RcGWnEpsJAitcyl74pb_u0A
2026-09-09 20:00:54,282 [INFO] httpx: HTTP Request: POST http://testserver/api/auth/register "HTTP/1.1 201 Created"
2026-09-09 20:00:54,900 [INFO] httpx: HTTP Request: POST http://testserver/api/auth/login "HTTP/1.1 200 OK"
2026-09-09 20:00:55,509 [INFO] app.services.email_service: [SIMULATED EMAIL] To: pytest_user2@example.com | Subject: Verify your Explainable Injury AI account | Link: http://localhost:5173/verify-email?token=G0mwvPrLVeX3M1C3RplTmgz5W72NYYLMq9lJxeaf6wA
2026-09-09 20:00:55,513 [INFO] httpx: HTTP Request: POST http://testserver/api/auth/register "HTTP/1.1 201 Created"
2026-09-09 20:00:56,175 [INFO] httpx: HTTP Request: POST http://testserver/api/auth/login "HTTP/1.1 401 Unauthorized"
2026-09-09 20:00:56,794 [INFO] app.services.email_service: [SIMULATED EMAIL] To: pytest_dup@example.com | Subject: Verify your Explainable Injury AI account | Link: http://localhost:5173/verify-email?token=cNbx5z6tclv-b5gIWD1tGEMqIgXsoyXgDbtXrMNumyo
2026-09-09 20:00:56,799 [INFO] httpx: HTTP Request: POST http://testserver/api/auth/register "HTTP/1.1 201 Created"
2026-09-09 20:00:56,817 [INFO] httpx: HTTP Request: POST http://testserver/api/auth/register "HTTP/1.1 409 Conflict"
2026-09-09 20:00:57,471 [INFO] app.services.email_service: [SIMULATED EMAIL] To: pytest_shared@example.com | Subject: Verify your Explainable Injury AI account | Link: http://localhost:5173/verify-email?token=9ET6nAdxgwWxKu_qY5ynBydTVcMUAWiLnR5UkyS82IQ
2026-09-09 20:00:57,475 [INFO] httpx: HTTP Request: POST http://testserver/api/auth/register "HTTP/1.1 201 Created"
2026-09-09 20:00:57,491 [INFO] httpx: HTTP Request: POST http://testserver/api/auth/register "HTTP/1.1 409 Conflict"
2026-09-09 20:00:57,506 [INFO] httpx: HTTP Request: POST http://testserver/api/auth/register "HTTP/1.1 422 Unprocessable Entity"
2026-09-09 20:00:57,518 [INFO] httpx: HTTP Request: GET http://testserver/api/auth/me "HTTP/1.1 401 Unauthorized"
2026-09-09 20:00:57,540 [INFO] httpx: HTTP Request: GET http://testserver/api/auth/me "HTTP/1.1 200 OK"
2026-09-09 20:00:58,162 [INFO] app.services.email_service: [SIMULATED EMAIL] To: pytest_verifyme@example.com | Subject: Verify your Explainable Injury AI account | Link: http://localhost:5173/verify-email?token=TY56FffGq2cNeiS2Frb3KBqi_oi-G_Ok1sqtvwBd51o
2026-09-09 20:00:58,167 [INFO] httpx: HTTP Request: POST http://testserver/api/auth/register "HTTP/1.1 201 Created"
2026-09-09 20:00:58,194 [INFO] httpx: HTTP Request: POST http://testserver/api/auth/verify-email "HTTP/1.1 200 OK"
2026-09-09 20:00:58,210 [INFO] httpx: HTTP Request: POST http://testserver/api/auth/verify-email "HTTP/1.1 400 Bad Request"
2026-09-09 20:00:58,226 [INFO] httpx: HTTP Request: POST http://testserver/api/auth/verify-email "HTTP/1.1 400 Bad Request"
2026-09-09 20:00:58,821 [INFO] app.services.email_service: [SIMULATED EMAIL] To: pytest_resend@example.com | Subject: Verify your Explainable Injury AI account | Link: http://localhost:5173/verify-email?token=C6PaZ3CuGFo-k5uoSIpXXZzWn-E9Np44c-EiB6c-4iY
2026-09-09 20:00:58,825 [INFO] httpx: HTTP Request: POST http://testserver/api/auth/register "HTTP/1.1 201 Created"
2026-09-09 20:00:58,839 [INFO] app.services.email_service: [SIMULATED EMAIL] To: pytest_resend@example.com | Subject: Verify your Explainable Injury AI account | Link: http://localhost:5173/verify-email?token=-_e6aqnfXoZ9r_XwcXpW6ifI2ttwp69qS340m5ibOEk
2026-09-09 20:00:58,845 [INFO] httpx: HTTP Request: POST http://testserver/api/auth/resend-verification "HTTP/1.1 200 OK"
2026-09-09 20:00:59,373 [INFO] app.services.email_service: [SIMULATED EMAIL] To: pytest_forgot@example.com | Subject: Verify your Explainable Injury AI account | Link: http://localhost:5173/verify-email?token=gzQ-BIdi9vDJFRehQmlh9yrRVF4QnI5N_tlWhgFTC8w
2026-09-09 20:00:59,377 [INFO] httpx: HTTP Request: POST http://testserver/api/auth/register "HTTP/1.1 201 Created"
2026-09-09 20:00:59,385 [INFO] app.services.email_service: [SIMULATED EMAIL] To: pytest_forgot@example.com | Subject: Reset your Explainable Injury AI password | Link: http://localhost:5173/reset-password?token=ZdYxf6wjdBvgS3w93Tz84yTI70IdoOI_ADVw9jU2agw
2026-09-09 20:00:59,389 [INFO] httpx: HTTP Request: POST http://testserver/api/auth/forgot-password "HTTP/1.1 200 OK"
2026-09-09 20:00:59,956 [INFO] httpx: HTTP Request: POST http://testserver/api/auth/reset-password "HTTP/1.1 200 OK"
2026-09-09 20:01:00,463 [INFO] httpx: HTTP Request: POST http://testserver/api/auth/login "HTTP/1.1 401 Unauthorized"
2026-09-09 20:01:01,071 [INFO] httpx: HTTP Request: POST http://testserver/api/auth/login "HTTP/1.1 200 OK"
2026-09-09 20:01:01,084 [INFO] httpx: HTTP Request: POST http://testserver/api/auth/reset-password "HTTP/1.1 400 Bad Request"
2026-09-09 20:01:01,100 [INFO] httpx: HTTP Request: POST http://testserver/api/auth/forgot-password "HTTP/1.1 200 OK"
2026-09-09 20:01:01,197 [INFO] httpx: HTTP Request: GET http://testserver/api/health "HTTP/1.1 200 OK"
2026-09-09 20:03:30,413 [INFO] app.main: Explainable Injury AI API starting up.
2026-09-09 20:03:30,446 [INFO] app.database.mongodb: MongoDB indexes ensured.
2026-09-09 20:04:44,091 [INFO] app.services.email_service: [SIMULATED EMAIL] To: test@example.com | Subject: Verify your Explainable Injury AI account | Link: http://localhost:5173/verify-email?token=XsmTcl5uKuKLGow2T9xFVwChiW38JeWgMJzw8tHbV6o
2026-09-09 20:05:05,280 [INFO] app.services.email_service: [SIMULATED EMAIL] To: test@example.com | Subject: Verify your Explainable Injury AI account | Link: http://localhost:5173/verify-email?token=Rj5joR-iStT5sYM12Hf3lj7eeXtDQynu7udPvZwcaLc
2026-09-09 20:06:18,797 [INFO] app.services.email_service: [SIMULATED EMAIL] To: test2@example.com | Subject: Verify your Explainable Injury AI account | Link: http://localhost:5173/verify-email?token=8CipIQiHVgDR598TtCsMqchsGsXqnEtNBV4xSfGTJWg
2026-09-09 20:06:53,527 [INFO] app.services.email_service: [SIMULATED EMAIL] To: pytest_researcher@example.com | Subject: Verify your Explainable Injury AI account | Link: http://localhost:5173/verify-email?token=8ZE4sFUNb0WiSJU0Eh1mJGdnMdiUmJzfQ0IOl3G_Lto
2026-09-09 20:06:53,532 [INFO] httpx: HTTP Request: POST http://testserver/api/auth/register "HTTP/1.1 201 Created"
2026-09-09 20:06:54,178 [INFO] httpx: HTTP Request: POST http://testserver/api/auth/login "HTTP/1.1 200 OK"
2026-09-09 20:06:54,216 [INFO] httpx: HTTP Request: POST http://testserver/api/athletes "HTTP/1.1 201 Created"
2026-09-09 20:06:54,247 [INFO] httpx: HTTP Request: POST http://testserver/api/athletes/PYTEST-PRED-001/assessments "HTTP/1.1 201 Created"
2026-09-09 20:06:56,899 [INFO] httpx: HTTP Request: POST http://testserver/api/predictions "HTTP/1.1 201 Created"
2026-09-09 20:06:56,947 [INFO] httpx: HTTP Request: POST http://testserver/api/predictions "HTTP/1.1 201 Created"
2026-09-09 20:06:56,964 [INFO] httpx: HTTP Request: GET http://testserver/api/predictions/PRED-766de20c83bb "HTTP/1.1 200 OK"
2026-09-09 20:06:56,992 [INFO] httpx: HTTP Request: GET http://testserver/api/athletes/PYTEST-PRED-001/predictions "HTTP/1.1 200 OK"
2026-09-09 20:06:57,056 [INFO] httpx: HTTP Request: POST http://testserver/api/predictions "HTTP/1.1 404 Not Found"
2026-09-09 20:06:57,073 [INFO] httpx: HTTP Request: POST http://testserver/api/athletes "HTTP/1.1 201 Created"
2026-09-09 20:06:57,085 [INFO] httpx: HTTP Request: GET http://testserver/api/athletes/PYTEST-001 "HTTP/1.1 200 OK"
2026-09-09 20:06:57,101 [INFO] httpx: HTTP Request: POST http://testserver/api/athletes "HTTP/1.1 201 Created"
2026-09-09 20:06:57,114 [INFO] httpx: HTTP Request: POST http://testserver/api/athletes "HTTP/1.1 409 Conflict"
2026-09-09 20:06:57,133 [INFO] httpx: HTTP Request: POST http://testserver/api/athletes "HTTP/1.1 201 Created"
2026-09-09 20:06:57,148 [INFO] httpx: HTTP Request: PUT http://testserver/api/athletes/PYTEST-003 "HTTP/1.1 200 OK"
2026-09-09 20:06:57,164 [INFO] httpx: HTTP Request: POST http://testserver/api/athletes "HTTP/1.1 201 Created"
2026-09-09 20:06:57,178 [INFO] httpx: HTTP Request: DELETE http://testserver/api/athletes/PYTEST-004 "HTTP/1.1 204 No Content"
2026-09-09 20:06:57,191 [INFO] httpx: HTTP Request: GET http://testserver/api/athletes/PYTEST-004 "HTTP/1.1 404 Not Found"
2026-09-09 20:06:57,205 [INFO] httpx: HTTP Request: GET http://testserver/api/athletes/PYTEST-DOES-NOT-EXIST "HTTP/1.1 404 Not Found"
2026-09-09 20:06:57,224 [INFO] httpx: HTTP Request: POST http://testserver/api/athletes "HTTP/1.1 422 Unprocessable Entity"
2026-09-09 20:06:57,619 [INFO] app.services.email_service: [SIMULATED EMAIL] To: pytest_user1@example.com | Subject: Verify your Explainable Injury AI account | Link: http://localhost:5173/verify-email?token=Jik9yogy9uOPNifS9O6XnIzUXyJn0WGGeKhYEAYtLk4
2026-09-09 20:06:57,624 [INFO] httpx: HTTP Request: POST http://testserver/api/auth/register "HTTP/1.1 201 Created"
2026-09-09 20:06:58,065 [INFO] httpx: HTTP Request: POST http://testserver/api/auth/login "HTTP/1.1 200 OK"
2026-09-09 20:06:58,757 [INFO] app.services.email_service: [SIMULATED EMAIL] To: pytest_unverified@example.com | Subject: Verify your Explainable Injury AI account | Link: http://localhost:5173/verify-email?token=IP-J5G9bXHwdfisMvOJf0CDEy4O-jqInSj_QEBcfvmw
2026-09-09 20:06:58,763 [INFO] httpx: HTTP Request: POST http://testserver/api/auth/register "HTTP/1.1 201 Created"
2026-09-09 20:06:59,491 [INFO] httpx: HTTP Request: POST http://testserver/api/auth/login "HTTP/1.1 200 OK"
2026-09-09 20:07:00,159 [INFO] app.services.email_service: [SIMULATED EMAIL] To: pytest_user2@example.com | Subject: Verify your Explainable Injury AI account | Link: http://localhost:5173/verify-email?token=fDNdSyChsOkzLpQYE4sAdKexe7VBBTPaftMRj2Orm9c
2026-09-09 20:07:00,161 [INFO] httpx: HTTP Request: POST http://testserver/api/auth/register "HTTP/1.1 201 Created"
2026-09-09 20:07:00,764 [INFO] httpx: HTTP Request: POST http://testserver/api/auth/login "HTTP/1.1 401 Unauthorized"
2026-09-09 20:07:01,425 [INFO] app.services.email_service: [SIMULATED EMAIL] To: pytest_dup@example.com | Subject: Verify your Explainable Injury AI account | Link: http://localhost:5173/verify-email?token=lRkWCrAEgFl6iiyLuzjw7Fg-zl8jQzL8R-DZOve87V0
2026-09-09 20:07:01,429 [INFO] httpx: HTTP Request: POST http://testserver/api/auth/register "HTTP/1.1 201 Created"
2026-09-09 20:07:01,444 [INFO] httpx: HTTP Request: POST http://testserver/api/auth/register "HTTP/1.1 409 Conflict"
2026-09-09 20:07:02,042 [INFO] app.services.email_service: [SIMULATED EMAIL] To: pytest_shared@example.com | Subject: Verify your Explainable Injury AI account | Link: http://localhost:5173/verify-email?token=AR3ltDwOyy5MwF1f8Hi6gBxdiVukJlCseCBeLKs6C-0
2026-09-09 20:07:02,045 [INFO] httpx: HTTP Request: POST http://testserver/api/auth/register "HTTP/1.1 201 Created"
2026-09-09 20:07:02,055 [INFO] httpx: HTTP Request: POST http://testserver/api/auth/register "HTTP/1.1 409 Conflict"
2026-09-09 20:07:02,075 [INFO] httpx: HTTP Request: POST http://testserver/api/auth/register "HTTP/1.1 422 Unprocessable Entity"
2026-09-09 20:07:02,092 [INFO] httpx: HTTP Request: GET http://testserver/api/auth/me "HTTP/1.1 401 Unauthorized"
2026-09-09 20:07:02,115 [INFO] httpx: HTTP Request: GET http://testserver/api/auth/me "HTTP/1.1 200 OK"
2026-09-09 20:07:02,742 [INFO] app.services.email_service: [SIMULATED EMAIL] To: pytest_verifyme@example.com | Subject: Verify your Explainable Injury AI account | Link: http://localhost:5173/verify-email?token=2tOMrIfWGW3rsMu-UcIsUHkwCYmip2XF1w5URlsrZzk
2026-09-09 20:07:02,746 [INFO] httpx: HTTP Request: POST http://testserver/api/auth/register "HTTP/1.1 201 Created"
2026-09-09 20:07:02,762 [INFO] httpx: HTTP Request: POST http://testserver/api/auth/verify-email "HTTP/1.1 200 OK"
2026-09-09 20:07:02,775 [INFO] httpx: HTTP Request: POST http://testserver/api/auth/verify-email "HTTP/1.1 400 Bad Request"
2026-09-09 20:07:02,793 [INFO] httpx: HTTP Request: POST http://testserver/api/auth/verify-email "HTTP/1.1 400 Bad Request"
2026-09-09 20:07:03,487 [INFO] app.services.email_service: [SIMULATED EMAIL] To: pytest_resend@example.com | Subject: Verify your Explainable Injury AI account | Link: http://localhost:5173/verify-email?token=Jm87tQwxC3unkR9XKGeObbOzgESX5rYVePTON1yRKnM
2026-09-09 20:07:03,491 [INFO] httpx: HTTP Request: POST http://testserver/api/auth/register "HTTP/1.1 201 Created"
2026-09-09 20:07:03,506 [INFO] app.services.email_service: [SIMULATED EMAIL] To: pytest_resend@example.com | Subject: Verify your Explainable Injury AI account | Link: http://localhost:5173/verify-email?token=bhnyE6YCj_aexszCBUBLsM5YjYg4_9zPy0Veen-VZBg
2026-09-09 20:07:03,512 [INFO] httpx: HTTP Request: POST http://testserver/api/auth/resend-verification "HTTP/1.1 200 OK"
2026-09-09 20:07:04,105 [INFO] app.services.email_service: [SIMULATED EMAIL] To: pytest_forgot@example.com | Subject: Verify your Explainable Injury AI account | Link: http://localhost:5173/verify-email?token=YGgvI99nGgvjX8Ad8HmJllaCJLDhBT7DN5qOexIBmJc
2026-09-09 20:07:04,110 [INFO] httpx: HTTP Request: POST http://testserver/api/auth/register "HTTP/1.1 201 Created"
2026-09-09 20:07:04,124 [INFO] app.services.email_service: [SIMULATED EMAIL] To: pytest_forgot@example.com | Subject: Reset your Explainable Injury AI password | Link: http://localhost:5173/reset-password?token=Cg0ka3CAlGmr04xoPTi7aOeIkYly92hBBR9eyHMVBzE
2026-09-09 20:07:04,129 [INFO] httpx: HTTP Request: POST http://testserver/api/auth/forgot-password "HTTP/1.1 200 OK"
2026-09-09 20:07:04,801 [INFO] httpx: HTTP Request: POST http://testserver/api/auth/reset-password "HTTP/1.1 200 OK"
2026-09-09 20:07:05,440 [INFO] httpx: HTTP Request: POST http://testserver/api/auth/login "HTTP/1.1 401 Unauthorized"
2026-09-09 20:07:06,054 [INFO] httpx: HTTP Request: POST http://testserver/api/auth/login "HTTP/1.1 200 OK"
2026-09-09 20:07:06,066 [INFO] httpx: HTTP Request: POST http://testserver/api/auth/reset-password "HTTP/1.1 400 Bad Request"
2026-09-09 20:07:06,080 [INFO] httpx: HTTP Request: POST http://testserver/api/auth/forgot-password "HTTP/1.1 200 OK"
2026-09-09 20:07:06,177 [INFO] httpx: HTTP Request: GET http://testserver/api/health "HTTP/1.1 200 OK"
2026-09-09 20:10:46,350 [INFO] app.services.email_service: [SIMULATED EMAIL] To: yasik@gmail.com | Subject: Verify your Explainable Injury AI account | Link: http://localhost:5173/verify-email?token=3yWKBFXfcyLPgmWmvjl6wodfWiorRgjJyrGoIKESh44
2026-09-09 20:12:26,054 [INFO] app.services.email_service: [SIMULATED EMAIL] To: ashif@gmail.com | Subject: Verify your Explainable Injury AI account | Link: http://localhost:5173/verify-email?token=-5Yy7v3wCYgGtl_tt0wjf73cyeEH0EgQzLbamNPOIkc
2026-09-09 20:15:32,269 [INFO] app.services.email_service: [SIMULATED EMAIL] To: quicktest1@example.com | Subject: Verify your Explainable Injury AI account | Link: http://localhost:5173/verify-email?token=V-XPHv4KX2SJ3knkvZulqI6TF7rqF2u4XEolgGiZ_6Y
2026-09-09 20:16:57,943 [INFO] app.main: Explainable Injury AI API starting up.
2026-09-09 20:16:57,981 [INFO] app.database.mongodb: MongoDB indexes ensured.
2026-09-09 20:17:17,642 [INFO] app.main: Explainable Injury AI API starting up.
2026-09-09 20:17:17,667 [INFO] app.database.mongodb: MongoDB indexes ensured.
2026-09-09 20:17:32,503 [INFO] app.main: Explainable Injury AI API starting up.
2026-09-09 20:17:32,525 [INFO] app.database.mongodb: MongoDB indexes ensured.
2026-09-09 20:17:47,751 [INFO] app.main: Explainable Injury AI API starting up.
2026-09-09 20:17:47,771 [INFO] app.database.mongodb: MongoDB indexes ensured.
2026-09-09 20:17:48,326 [INFO] httpx: HTTP Request: POST http://testserver/api/auth/register "HTTP/1.1 201 Created"
2026-09-09 20:17:49,024 [INFO] httpx: HTTP Request: POST http://testserver/api/auth/login "HTTP/1.1 200 OK"
2026-09-09 20:17:49,069 [INFO] httpx: HTTP Request: POST http://testserver/api/athletes "HTTP/1.1 201 Created"
2026-09-09 20:17:49,103 [INFO] httpx: HTTP Request: POST http://testserver/api/athletes/PYTEST-PRED-001/assessments "HTTP/1.1 201 Created"
2026-09-09 20:17:51,009 [INFO] httpx: HTTP Request: POST http://testserver/api/predictions "HTTP/1.1 201 Created"
2026-09-09 20:17:51,053 [INFO] httpx: HTTP Request: POST http://testserver/api/predictions "HTTP/1.1 201 Created"
2026-09-09 20:17:51,066 [INFO] httpx: HTTP Request: GET http://testserver/api/predictions/PRED-b469bdbf7902 "HTTP/1.1 200 OK"
2026-09-09 20:17:51,078 [INFO] httpx: HTTP Request: GET http://testserver/api/athletes/PYTEST-PRED-001/predictions "HTTP/1.1 200 OK"
2026-09-09 20:17:51,099 [INFO] httpx: HTTP Request: POST http://testserver/api/predictions "HTTP/1.1 404 Not Found"
2026-09-09 20:17:51,120 [INFO] httpx: HTTP Request: POST http://testserver/api/athletes "HTTP/1.1 201 Created"
2026-09-09 20:17:51,132 [INFO] httpx: HTTP Request: GET http://testserver/api/athletes/PYTEST-001 "HTTP/1.1 200 OK"
2026-09-09 20:17:51,148 [INFO] httpx: HTTP Request: POST http://testserver/api/athletes "HTTP/1.1 201 Created"
2026-09-09 20:17:51,160 [INFO] httpx: HTTP Request: POST http://testserver/api/athletes "HTTP/1.1 409 Conflict"
2026-09-09 20:17:51,177 [INFO] httpx: HTTP Request: POST http://testserver/api/athletes "HTTP/1.1 201 Created"
2026-09-09 20:17:51,196 [INFO] httpx: HTTP Request: PUT http://testserver/api/athletes/PYTEST-003 "HTTP/1.1 200 OK"
2026-09-09 20:17:51,215 [INFO] httpx: HTTP Request: POST http://testserver/api/athletes "HTTP/1.1 201 Created"
2026-09-09 20:17:51,226 [INFO] httpx: HTTP Request: DELETE http://testserver/api/athletes/PYTEST-004 "HTTP/1.1 204 No Content"
2026-09-09 20:17:51,240 [INFO] httpx: HTTP Request: GET http://testserver/api/athletes/PYTEST-004 "HTTP/1.1 404 Not Found"
2026-09-09 20:17:51,254 [INFO] httpx: HTTP Request: GET http://testserver/api/athletes/PYTEST-DOES-NOT-EXIST "HTTP/1.1 404 Not Found"
2026-09-09 20:17:51,271 [INFO] httpx: HTTP Request: POST http://testserver/api/athletes "HTTP/1.1 422 Unprocessable Entity"
2026-09-09 20:17:51,769 [INFO] httpx: HTTP Request: POST http://testserver/api/auth/register "HTTP/1.1 201 Created"
2026-09-09 20:17:52,308 [INFO] httpx: HTTP Request: POST http://testserver/api/auth/login "HTTP/1.1 200 OK"
2026-09-09 20:17:52,858 [INFO] httpx: HTTP Request: POST http://testserver/api/auth/register "HTTP/1.1 201 Created"
2026-09-09 20:17:53,316 [INFO] httpx: HTTP Request: POST http://testserver/api/auth/login "HTTP/1.1 401 Unauthorized"
2026-09-09 20:17:54,055 [INFO] httpx: HTTP Request: POST http://testserver/api/auth/register "HTTP/1.1 201 Created"
2026-09-09 20:17:54,073 [INFO] httpx: HTTP Request: POST http://testserver/api/auth/register "HTTP/1.1 409 Conflict"
2026-09-09 20:17:54,094 [INFO] httpx: HTTP Request: GET http://testserver/api/auth/me "HTTP/1.1 401 Unauthorized"
2026-09-09 20:17:54,117 [INFO] httpx: HTTP Request: GET http://testserver/api/auth/me "HTTP/1.1 200 OK"
2026-09-09 20:17:54,520 [INFO] httpx: HTTP Request: POST http://testserver/api/auth/register "HTTP/1.1 201 Created"
2026-09-09 20:17:54,528 [INFO] app.services.auth_service: [SIMULATED PASSWORD RESET] username=pytest_forgot link=http://localhost:5173/reset-password?token=GoKQd5019Qb39BQiE4sDt8a8FssVcRbDz14PhjfeY0w
2026-09-09 20:17:54,532 [INFO] httpx: HTTP Request: POST http://testserver/api/auth/forgot-password "HTTP/1.1 200 OK"
2026-09-09 20:17:55,042 [INFO] httpx: HTTP Request: POST http://testserver/api/auth/reset-password "HTTP/1.1 200 OK"
2026-09-09 20:17:55,676 [INFO] httpx: HTTP Request: POST http://testserver/api/auth/login "HTTP/1.1 401 Unauthorized"
2026-09-09 20:17:56,333 [INFO] httpx: HTTP Request: POST http://testserver/api/auth/login "HTTP/1.1 200 OK"
2026-09-09 20:17:56,350 [INFO] httpx: HTTP Request: POST http://testserver/api/auth/reset-password "HTTP/1.1 400 Bad Request"
2026-09-09 20:17:56,372 [INFO] httpx: HTTP Request: POST http://testserver/api/auth/forgot-password "HTTP/1.1 200 OK"
2026-09-09 20:17:56,391 [INFO] httpx: HTTP Request: POST http://testserver/api/auth/reset-password "HTTP/1.1 400 Bad Request"
2026-09-09 20:17:56,499 [INFO] httpx: HTTP Request: GET http://testserver/api/health "HTTP/1.1 200 OK"
2026-09-09 20:18:31,934 [INFO] app.main: Explainable Injury AI API starting up.
2026-09-09 20:18:31,948 [INFO] app.database.mongodb: MongoDB indexes ensured.
2026-09-09 20:22:54,880 [INFO] httpx: HTTP Request: POST http://testserver/api/auth/register "HTTP/1.1 201 Created"
2026-09-09 20:22:55,147 [INFO] httpx: HTTP Request: POST http://testserver/api/auth/login "HTTP/1.1 200 OK"
2026-09-09 20:22:55,165 [INFO] httpx: HTTP Request: POST http://testserver/api/athletes "HTTP/1.1 201 Created"
2026-09-09 20:22:55,177 [INFO] httpx: HTTP Request: POST http://testserver/api/athletes/PYTEST-PRED-001/assessments "HTTP/1.1 201 Created"
2026-09-09 20:22:57,258 [INFO] httpx: HTTP Request: POST http://testserver/api/predictions "HTTP/1.1 201 Created"
2026-09-09 20:22:57,290 [INFO] httpx: HTTP Request: POST http://testserver/api/predictions "HTTP/1.1 201 Created"
2026-09-09 20:22:57,298 [INFO] httpx: HTTP Request: GET http://testserver/api/predictions/PRED-3b1984cf600c "HTTP/1.1 200 OK"
2026-09-09 20:22:57,307 [INFO] httpx: HTTP Request: GET http://testserver/api/athletes/PYTEST-PRED-001/predictions "HTTP/1.1 200 OK"
2026-09-09 20:22:57,318 [INFO] httpx: HTTP Request: POST http://testserver/api/predictions "HTTP/1.1 404 Not Found"
2026-09-09 20:22:57,331 [INFO] httpx: HTTP Request: POST http://testserver/api/athletes "HTTP/1.1 201 Created"
2026-09-09 20:22:57,339 [INFO] httpx: HTTP Request: GET http://testserver/api/athletes/PYTEST-001 "HTTP/1.1 200 OK"
2026-09-09 20:22:57,350 [INFO] httpx: HTTP Request: POST http://testserver/api/athletes "HTTP/1.1 201 Created"
2026-09-09 20:22:57,357 [INFO] httpx: HTTP Request: POST http://testserver/api/athletes "HTTP/1.1 409 Conflict"
2026-09-09 20:22:57,367 [INFO] httpx: HTTP Request: POST http://testserver/api/athletes "HTTP/1.1 201 Created"
2026-09-09 20:22:57,376 [INFO] httpx: HTTP Request: PUT http://testserver/api/athletes/PYTEST-003 "HTTP/1.1 200 OK"
2026-09-09 20:22:57,387 [INFO] httpx: HTTP Request: POST http://testserver/api/athletes "HTTP/1.1 201 Created"
2026-09-09 20:22:57,394 [INFO] httpx: HTTP Request: DELETE http://testserver/api/athletes/PYTEST-004 "HTTP/1.1 204 No Content"
2026-09-09 20:22:57,401 [INFO] httpx: HTTP Request: GET http://testserver/api/athletes/PYTEST-004 "HTTP/1.1 404 Not Found"
2026-09-09 20:22:57,408 [INFO] httpx: HTTP Request: GET http://testserver/api/athletes/PYTEST-DOES-NOT-EXIST "HTTP/1.1 404 Not Found"
2026-09-09 20:22:57,418 [INFO] httpx: HTTP Request: POST http://testserver/api/athletes "HTTP/1.1 422 Unprocessable Entity"
2026-09-09 20:22:57,667 [INFO] httpx: HTTP Request: POST http://testserver/api/auth/register "HTTP/1.1 201 Created"
2026-09-09 20:22:57,923 [INFO] httpx: HTTP Request: POST http://testserver/api/auth/login "HTTP/1.1 200 OK"
2026-09-09 20:22:58,164 [INFO] httpx: HTTP Request: POST http://testserver/api/auth/register "HTTP/1.1 201 Created"
2026-09-09 20:22:58,440 [INFO] httpx: HTTP Request: POST http://testserver/api/auth/login "HTTP/1.1 401 Unauthorized"
2026-09-09 20:22:58,709 [INFO] httpx: HTTP Request: POST http://testserver/api/auth/register "HTTP/1.1 201 Created"
2026-09-09 20:22:58,715 [INFO] httpx: HTTP Request: POST http://testserver/api/auth/register "HTTP/1.1 409 Conflict"
2026-09-09 20:22:58,722 [INFO] httpx: HTTP Request: GET http://testserver/api/auth/me "HTTP/1.1 401 Unauthorized"
2026-09-09 20:22:58,729 [INFO] httpx: HTTP Request: GET http://testserver/api/auth/me "HTTP/1.1 200 OK"
2026-09-09 20:22:58,997 [INFO] httpx: HTTP Request: POST http://testserver/api/auth/register "HTTP/1.1 201 Created"
2026-09-09 20:22:59,002 [INFO] app.services.auth_service: [SIMULATED PASSWORD RESET] username=pytest_forgot link=http://localhost:5173/reset-password?token=QnwJTYlSfEjSzHLpUwI9P-_eRm1iNNJX8x1hpmaNzkI
2026-09-09 20:22:59,005 [INFO] httpx: HTTP Request: POST http://testserver/api/auth/forgot-password "HTTP/1.1 200 OK"
2026-09-09 20:22:59,249 [INFO] httpx: HTTP Request: POST http://testserver/api/auth/reset-password "HTTP/1.1 200 OK"
2026-09-09 20:22:59,485 [INFO] httpx: HTTP Request: POST http://testserver/api/auth/login "HTTP/1.1 401 Unauthorized"
2026-09-09 20:22:59,729 [INFO] httpx: HTTP Request: POST http://testserver/api/auth/login "HTTP/1.1 200 OK"
2026-09-09 20:22:59,734 [INFO] httpx: HTTP Request: POST http://testserver/api/auth/reset-password "HTTP/1.1 400 Bad Request"
2026-09-09 20:22:59,743 [INFO] httpx: HTTP Request: POST http://testserver/api/auth/forgot-password "HTTP/1.1 200 OK"
2026-09-09 20:22:59,750 [INFO] httpx: HTTP Request: POST http://testserver/api/auth/reset-password "HTTP/1.1 400 Bad Request"
2026-09-09 20:22:59,789 [INFO] httpx: HTTP Request: GET http://testserver/api/health "HTTP/1.1 200 OK"
2026-09-09 20:24:41,356 [INFO] app.ml.hyperparameter_tuning: Best XGBoost params: {'colsample_bytree': np.float64(0.908897907718663), 'gamma': np.float64(0.993578407670862), 'learning_rate': np.float64(0.011049202253484457), 'max_depth': 5, 'min_child_weight': 3, 'n_estimators': 180, 'reg_alpha': np.float64(1.4226839054973), 'reg_lambda': np.float64(1.5803510810624113), 'subsample': np.float64(0.8423839899124046)} (CV F1=0.5862)
2026-09-09 20:24:43,678 [INFO] app.ml.train_xgboost: Default XGBoost: {'accuracy': 0.5875, 'precision': 0.6016, 'recall': 0.5968, 'f1_score': 0.5992, 'specificity': 0.5776, 'roc_auc': 0.5998, 'pr_auc': 0.5867}
2026-09-09 20:24:43,678 [INFO] app.ml.train_xgboost: Optimized XGBoost: {'accuracy': 0.5667, 'precision': 0.5794, 'recall': 0.5887, 'f1_score': 0.584, 'specificity': 0.5431, 'roc_auc': 0.6145, 'pr_auc': 0.6245}
2026-09-09 20:32:18,626 [INFO] app.main: Explainable Injury AI API starting up.
2026-09-09 20:32:18,675 [INFO] app.database.mongodb: MongoDB indexes ensured.
2026-09-09 20:32:27,322 [INFO] app.main: Explainable Injury AI API starting up.
2026-09-09 20:32:27,334 [INFO] app.database.mongodb: MongoDB indexes ensured.
2026-09-09 20:33:46,904 [INFO] app.main: Explainable Injury AI API starting up.
2026-09-09 20:33:46,923 [INFO] app.database.mongodb: MongoDB indexes ensured.
2026-09-09 20:33:57,799 [INFO] app.main: Explainable Injury AI API starting up.
2026-09-09 20:33:57,823 [INFO] app.database.mongodb: MongoDB indexes ensured.
2026-09-09 20:34:19,614 [INFO] httpx: HTTP Request: POST http://testserver/api/auth/register "HTTP/1.1 201 Created"
2026-09-09 20:34:20,227 [INFO] httpx: HTTP Request: POST http://testserver/api/auth/login "HTTP/1.1 200 OK"
2026-09-09 20:34:20,277 [INFO] httpx: HTTP Request: POST http://testserver/api/athletes "HTTP/1.1 201 Created"
2026-09-09 20:34:20,312 [INFO] httpx: HTTP Request: POST http://testserver/api/athletes/PYTEST-PRED-001/assessments "HTTP/1.1 201 Created"
2026-09-09 20:34:22,755 [INFO] httpx: HTTP Request: POST http://testserver/api/predictions "HTTP/1.1 201 Created"
2026-09-09 20:34:22,798 [INFO] httpx: HTTP Request: POST http://testserver/api/predictions "HTTP/1.1 201 Created"
2026-09-09 20:34:22,809 [INFO] httpx: HTTP Request: GET http://testserver/api/predictions/PRED-04eee79971bf "HTTP/1.1 200 OK"
2026-09-09 20:34:22,829 [INFO] httpx: HTTP Request: GET http://testserver/api/athletes/PYTEST-PRED-001/predictions "HTTP/1.1 200 OK"
2026-09-09 20:34:22,842 [INFO] httpx: HTTP Request: POST http://testserver/api/predictions "HTTP/1.1 404 Not Found"
2026-09-09 20:34:22,858 [INFO] httpx: HTTP Request: POST http://testserver/api/athletes "HTTP/1.1 201 Created"
2026-09-09 20:34:22,868 [INFO] httpx: HTTP Request: GET http://testserver/api/athletes/PYTEST-001 "HTTP/1.1 200 OK"
2026-09-09 20:34:22,883 [INFO] httpx: HTTP Request: POST http://testserver/api/athletes "HTTP/1.1 201 Created"
2026-09-09 20:34:22,893 [INFO] httpx: HTTP Request: POST http://testserver/api/athletes "HTTP/1.1 409 Conflict"
2026-09-09 20:34:22,909 [INFO] httpx: HTTP Request: POST http://testserver/api/athletes "HTTP/1.1 201 Created"
2026-09-09 20:34:22,931 [INFO] httpx: HTTP Request: PUT http://testserver/api/athletes/PYTEST-003 "HTTP/1.1 200 OK"
2026-09-09 20:34:22,946 [INFO] httpx: HTTP Request: POST http://testserver/api/athletes "HTTP/1.1 201 Created"
2026-09-09 20:34:22,963 [INFO] httpx: HTTP Request: DELETE http://testserver/api/athletes/PYTEST-004 "HTTP/1.1 204 No Content"
2026-09-09 20:34:22,974 [INFO] httpx: HTTP Request: GET http://testserver/api/athletes/PYTEST-004 "HTTP/1.1 404 Not Found"
2026-09-09 20:34:22,987 [INFO] httpx: HTTP Request: GET http://testserver/api/athletes/PYTEST-DOES-NOT-EXIST "HTTP/1.1 404 Not Found"
2026-09-09 20:34:23,003 [INFO] httpx: HTTP Request: POST http://testserver/api/athletes "HTTP/1.1 422 Unprocessable Entity"
2026-09-09 20:34:23,032 [INFO] httpx: HTTP Request: POST http://testserver/api/athletes "HTTP/1.1 201 Created"
2026-09-09 20:34:23,043 [INFO] httpx: HTTP Request: POST http://testserver/api/athletes "HTTP/1.1 201 Created"
2026-09-09 20:34:23,391 [INFO] httpx: HTTP Request: POST http://testserver/api/auth/register "HTTP/1.1 201 Created"
2026-09-09 20:34:23,869 [INFO] httpx: HTTP Request: POST http://testserver/api/auth/login "HTTP/1.1 200 OK"
2026-09-09 20:34:24,190 [INFO] httpx: HTTP Request: POST http://testserver/api/auth/register "HTTP/1.1 201 Created"
2026-09-09 20:34:24,494 [INFO] httpx: HTTP Request: POST http://testserver/api/auth/login "HTTP/1.1 401 Unauthorized"
2026-09-09 20:34:24,790 [INFO] httpx: HTTP Request: POST http://testserver/api/auth/register "HTTP/1.1 201 Created"
2026-09-09 20:34:24,801 [INFO] httpx: HTTP Request: POST http://testserver/api/auth/register "HTTP/1.1 409 Conflict"
2026-09-09 20:34:24,813 [INFO] httpx: HTTP Request: GET http://testserver/api/auth/me "HTTP/1.1 401 Unauthorized"
2026-09-09 20:34:24,825 [INFO] httpx: HTTP Request: GET http://testserver/api/auth/me "HTTP/1.1 200 OK"
2026-09-09 20:34:25,165 [INFO] httpx: HTTP Request: POST http://testserver/api/auth/register "HTTP/1.1 201 Created"
2026-09-09 20:34:25,172 [INFO] app.services.auth_service: [SIMULATED PASSWORD RESET] username=pytest_forgot link=http://localhost:5173/reset-password?token=hyA5qtGHRnITjdCHPqW2CXIB7dU_5L2crOOOgaiyGaE
2026-09-09 20:34:25,175 [INFO] httpx: HTTP Request: POST http://testserver/api/auth/forgot-password "HTTP/1.1 200 OK"
2026-09-09 20:34:25,521 [INFO] httpx: HTTP Request: POST http://testserver/api/auth/reset-password "HTTP/1.1 200 OK"
2026-09-09 20:34:25,860 [INFO] httpx: HTTP Request: POST http://testserver/api/auth/login "HTTP/1.1 401 Unauthorized"
2026-09-09 20:34:26,212 [INFO] httpx: HTTP Request: POST http://testserver/api/auth/login "HTTP/1.1 200 OK"
2026-09-09 20:34:26,220 [INFO] httpx: HTTP Request: POST http://testserver/api/auth/reset-password "HTTP/1.1 400 Bad Request"
2026-09-09 20:34:26,232 [INFO] httpx: HTTP Request: POST http://testserver/api/auth/forgot-password "HTTP/1.1 200 OK"
2026-09-09 20:34:26,244 [INFO] httpx: HTTP Request: POST http://testserver/api/auth/reset-password "HTTP/1.1 400 Bad Request"
2026-09-09 20:34:26,323 [INFO] httpx: HTTP Request: GET http://testserver/api/health "HTTP/1.1 200 OK"
2026-09-09 20:34:44,218 [INFO] app.main: Explainable Injury AI API starting up.
2026-09-09 20:34:44,235 [INFO] app.database.mongodb: MongoDB indexes ensured.
2026-09-09 20:42:45,030 [INFO] httpx: HTTP Request: POST http://testserver/api/auth/register "HTTP/1.1 201 Created"
2026-09-09 20:42:45,284 [INFO] httpx: HTTP Request: POST http://testserver/api/auth/login "HTTP/1.1 200 OK"
2026-09-09 20:42:45,299 [INFO] httpx: HTTP Request: POST http://testserver/api/athletes "HTTP/1.1 201 Created"
2026-09-09 20:42:45,315 [INFO] httpx: HTTP Request: POST http://testserver/api/athletes/PYTEST-PRED-001/assessments "HTTP/1.1 201 Created"
2026-09-09 20:42:45,704 [INFO] httpx: HTTP Request: POST http://testserver/api/predictions "HTTP/1.1 201 Created"
2026-09-09 20:42:45,731 [INFO] httpx: HTTP Request: POST http://testserver/api/predictions "HTTP/1.1 201 Created"
2026-09-09 20:42:45,738 [INFO] httpx: HTTP Request: GET http://testserver/api/predictions/PRED-03b22c507d42 "HTTP/1.1 200 OK"
2026-09-09 20:42:45,746 [INFO] httpx: HTTP Request: GET http://testserver/api/athletes/PYTEST-PRED-001/predictions "HTTP/1.1 200 OK"
2026-09-09 20:42:45,755 [INFO] httpx: HTTP Request: POST http://testserver/api/predictions "HTTP/1.1 404 Not Found"
2026-09-09 20:42:45,766 [INFO] httpx: HTTP Request: POST http://testserver/api/athletes "HTTP/1.1 201 Created"
2026-09-09 20:42:45,772 [INFO] httpx: HTTP Request: GET http://testserver/api/athletes/PYTEST-001 "HTTP/1.1 200 OK"
2026-09-09 20:42:45,781 [INFO] httpx: HTTP Request: POST http://testserver/api/athletes "HTTP/1.1 201 Created"
2026-09-09 20:42:45,788 [INFO] httpx: HTTP Request: POST http://testserver/api/athletes "HTTP/1.1 409 Conflict"
2026-09-09 20:42:45,799 [INFO] httpx: HTTP Request: POST http://testserver/api/athletes "HTTP/1.1 201 Created"
2026-09-09 20:42:45,808 [INFO] httpx: HTTP Request: PUT http://testserver/api/athletes/PYTEST-003 "HTTP/1.1 200 OK"
2026-09-09 20:42:45,818 [INFO] httpx: HTTP Request: POST http://testserver/api/athletes "HTTP/1.1 201 Created"
2026-09-09 20:42:45,826 [INFO] httpx: HTTP Request: DELETE http://testserver/api/athletes/PYTEST-004 "HTTP/1.1 204 No Content"
2026-09-09 20:42:45,831 [INFO] httpx: HTTP Request: GET http://testserver/api/athletes/PYTEST-004 "HTTP/1.1 404 Not Found"
2026-09-09 20:42:45,840 [INFO] httpx: HTTP Request: GET http://testserver/api/athletes/PYTEST-DOES-NOT-EXIST "HTTP/1.1 404 Not Found"
2026-09-09 20:42:45,848 [INFO] httpx: HTTP Request: POST http://testserver/api/athletes "HTTP/1.1 422 Unprocessable Entity"
2026-09-09 20:42:45,856 [INFO] httpx: HTTP Request: POST http://testserver/api/athletes "HTTP/1.1 201 Created"
2026-09-09 20:42:45,864 [INFO] httpx: HTTP Request: POST http://testserver/api/athletes "HTTP/1.1 201 Created"
2026-09-09 20:42:46,106 [INFO] httpx: HTTP Request: POST http://testserver/api/auth/register "HTTP/1.1 201 Created"
2026-09-09 20:42:46,337 [INFO] httpx: HTTP Request: POST http://testserver/api/auth/login "HTTP/1.1 200 OK"
2026-09-09 20:42:46,564 [INFO] httpx: HTTP Request: POST http://testserver/api/auth/register "HTTP/1.1 201 Created"
2026-09-09 20:42:46,788 [INFO] httpx: HTTP Request: POST http://testserver/api/auth/login "HTTP/1.1 401 Unauthorized"
2026-09-09 20:42:47,021 [INFO] httpx: HTTP Request: POST http://testserver/api/auth/register "HTTP/1.1 201 Created"
2026-09-09 20:42:47,027 [INFO] httpx: HTTP Request: POST http://testserver/api/auth/register "HTTP/1.1 409 Conflict"
2026-09-09 20:42:47,033 [INFO] httpx: HTTP Request: GET http://testserver/api/auth/me "HTTP/1.1 401 Unauthorized"
2026-09-09 20:42:47,040 [INFO] httpx: HTTP Request: GET http://testserver/api/auth/me "HTTP/1.1 200 OK"
2026-09-09 20:42:47,309 [INFO] httpx: HTTP Request: POST http://testserver/api/auth/register "HTTP/1.1 201 Created"
2026-09-09 20:42:47,321 [INFO] app.services.auth_service: [SIMULATED PASSWORD RESET] username=pytest_forgot link=http://localhost:5173/reset-password?token=gcz7Vt5amj6nYELdJ8nmBBknwZ3oexwewTs5gNLbpgw
2026-09-09 20:42:47,323 [INFO] httpx: HTTP Request: POST http://testserver/api/auth/forgot-password "HTTP/1.1 200 OK"
2026-09-09 20:42:47,571 [INFO] httpx: HTTP Request: POST http://testserver/api/auth/reset-password "HTTP/1.1 200 OK"
2026-09-09 20:42:47,814 [INFO] httpx: HTTP Request: POST http://testserver/api/auth/login "HTTP/1.1 401 Unauthorized"
2026-09-09 20:42:48,042 [INFO] httpx: HTTP Request: POST http://testserver/api/auth/login "HTTP/1.1 200 OK"
2026-09-09 20:42:48,049 [INFO] httpx: HTTP Request: POST http://testserver/api/auth/reset-password "HTTP/1.1 400 Bad Request"
2026-09-09 20:42:48,056 [INFO] httpx: HTTP Request: POST http://testserver/api/auth/forgot-password "HTTP/1.1 200 OK"
2026-09-09 20:42:48,062 [INFO] httpx: HTTP Request: POST http://testserver/api/auth/reset-password "HTTP/1.1 400 Bad Request"
2026-09-09 20:42:48,093 [INFO] httpx: HTTP Request: GET http://testserver/api/health "HTTP/1.1 200 OK"
2026-09-09 21:00:48,098 [INFO] app.main: Explainable Injury AI API starting up.
2026-09-09 21:00:48,126 [INFO] app.database.mongodb: MongoDB indexes ensured.
2026-09-09 21:00:56,894 [INFO] app.main: Explainable Injury AI API starting up.
2026-09-09 21:00:56,925 [INFO] app.database.mongodb: MongoDB indexes ensured.
2026-09-09 21:01:12,981 [INFO] app.main: Explainable Injury AI API starting up.
2026-09-09 21:01:12,993 [INFO] app.database.mongodb: MongoDB indexes ensured.
2026-09-09 21:01:23,883 [INFO] app.main: Explainable Injury AI API starting up.
2026-09-09 21:01:23,915 [INFO] app.database.mongodb: MongoDB indexes ensured.
2026-09-09 21:01:40,519 [INFO] app.main: Explainable Injury AI API starting up.
2026-09-09 21:01:40,531 [INFO] app.database.mongodb: MongoDB indexes ensured.
2026-09-09 21:01:51,375 [INFO] app.main: Explainable Injury AI API starting up.
2026-09-09 21:01:51,390 [INFO] app.database.mongodb: MongoDB indexes ensured.
2026-09-09 21:01:59,249 [INFO] app.main: Explainable Injury AI API starting up.
2026-09-09 21:01:59,285 [INFO] app.database.mongodb: MongoDB indexes ensured.
2026-09-09 21:02:05,603 [INFO] app.main: Explainable Injury AI API starting up.
2026-09-09 21:02:05,616 [INFO] app.database.mongodb: MongoDB indexes ensured.
2026-09-09 21:02:13,181 [INFO] app.main: Explainable Injury AI API starting up.
2026-09-09 21:02:13,192 [INFO] app.database.mongodb: MongoDB indexes ensured.
2026-09-09 21:02:17,682 [INFO] app.main: Explainable Injury AI API starting up.
2026-09-09 21:02:17,700 [INFO] app.database.mongodb: MongoDB indexes ensured.
2026-09-09 21:02:25,048 [INFO] app.main: Explainable Injury AI API starting up.
2026-09-09 21:02:25,060 [INFO] app.database.mongodb: MongoDB indexes ensured.
2026-09-09 21:02:35,726 [INFO] app.main: Explainable Injury AI API starting up.
2026-09-09 21:02:35,740 [INFO] app.database.mongodb: MongoDB indexes ensured.
2026-09-09 21:03:50,418 [INFO] app.main: Explainable Injury AI API starting up.
2026-09-09 21:03:50,428 [INFO] app.database.mongodb: MongoDB indexes ensured.
2026-09-09 21:03:56,073 [INFO] httpx: HTTP Request: POST http://testserver/api/auth/register "HTTP/1.1 201 Created"
2026-09-09 21:03:56,380 [INFO] httpx: HTTP Request: POST http://testserver/api/auth/login "HTTP/1.1 200 OK"
2026-09-09 21:03:56,400 [INFO] httpx: HTTP Request: POST http://testserver/api/athletes "HTTP/1.1 201 Created"
2026-09-09 21:03:56,413 [INFO] httpx: HTTP Request: POST http://testserver/api/athletes/PYTEST-PRED-001/assessments "HTTP/1.1 201 Created"
2026-09-09 21:03:56,823 [INFO] httpx: HTTP Request: POST http://testserver/api/predictions "HTTP/1.1 201 Created"
2026-09-09 21:03:56,852 [INFO] httpx: HTTP Request: POST http://testserver/api/predictions "HTTP/1.1 201 Created"
2026-09-09 21:03:56,860 [INFO] httpx: HTTP Request: GET http://testserver/api/predictions/PRED-17ddec910912 "HTTP/1.1 200 OK"
2026-09-09 21:03:56,871 [INFO] httpx: HTTP Request: GET http://testserver/api/athletes/PYTEST-PRED-001/predictions "HTTP/1.1 200 OK"
2026-09-09 21:03:56,880 [INFO] httpx: HTTP Request: POST http://testserver/api/predictions "HTTP/1.1 404 Not Found"
2026-09-09 21:03:56,892 [INFO] httpx: HTTP Request: POST http://testserver/api/athletes "HTTP/1.1 201 Created"
2026-09-09 21:03:56,899 [INFO] httpx: HTTP Request: GET http://testserver/api/athletes/PYTEST-001 "HTTP/1.1 200 OK"
2026-09-09 21:03:56,908 [INFO] httpx: HTTP Request: POST http://testserver/api/athletes "HTTP/1.1 201 Created"
2026-09-09 21:03:56,915 [INFO] httpx: HTTP Request: POST http://testserver/api/athletes "HTTP/1.1 409 Conflict"
2026-09-09 21:03:56,927 [INFO] httpx: HTTP Request: POST http://testserver/api/athletes "HTTP/1.1 201 Created"
2026-09-09 21:03:56,936 [INFO] httpx: HTTP Request: PUT http://testserver/api/athletes/PYTEST-003 "HTTP/1.1 200 OK"
2026-09-09 21:03:56,948 [INFO] httpx: HTTP Request: POST http://testserver/api/athletes "HTTP/1.1 201 Created"
2026-09-09 21:03:56,956 [INFO] httpx: HTTP Request: DELETE http://testserver/api/athletes/PYTEST-004 "HTTP/1.1 204 No Content"
2026-09-09 21:03:56,962 [INFO] httpx: HTTP Request: GET http://testserver/api/athletes/PYTEST-004 "HTTP/1.1 404 Not Found"
2026-09-09 21:03:56,970 [INFO] httpx: HTTP Request: GET http://testserver/api/athletes/PYTEST-DOES-NOT-EXIST "HTTP/1.1 404 Not Found"
2026-09-09 21:03:56,978 [INFO] httpx: HTTP Request: POST http://testserver/api/athletes "HTTP/1.1 422 Unprocessable Entity"
2026-09-09 21:03:56,989 [INFO] httpx: HTTP Request: POST http://testserver/api/athletes "HTTP/1.1 201 Created"
2026-09-09 21:03:56,997 [INFO] httpx: HTTP Request: POST http://testserver/api/athletes "HTTP/1.1 201 Created"
2026-09-09 21:03:57,239 [INFO] httpx: HTTP Request: POST http://testserver/api/auth/register "HTTP/1.1 201 Created"
2026-09-09 21:03:57,483 [INFO] httpx: HTTP Request: POST http://testserver/api/auth/login "HTTP/1.1 200 OK"
2026-09-09 21:03:57,740 [INFO] httpx: HTTP Request: POST http://testserver/api/auth/register "HTTP/1.1 201 Created"
2026-09-09 21:03:57,981 [INFO] httpx: HTTP Request: POST http://testserver/api/auth/login "HTTP/1.1 401 Unauthorized"
2026-09-09 21:03:58,238 [INFO] httpx: HTTP Request: POST http://testserver/api/auth/register "HTTP/1.1 201 Created"
2026-09-09 21:03:58,244 [INFO] httpx: HTTP Request: POST http://testserver/api/auth/register "HTTP/1.1 409 Conflict"
2026-09-09 21:03:58,248 [INFO] httpx: HTTP Request: GET http://testserver/api/auth/me "HTTP/1.1 401 Unauthorized"
2026-09-09 21:03:58,255 [INFO] httpx: HTTP Request: GET http://testserver/api/auth/me "HTTP/1.1 200 OK"
2026-09-09 21:03:58,553 [INFO] httpx: HTTP Request: POST http://testserver/api/auth/register "HTTP/1.1 201 Created"
2026-09-09 21:03:58,560 [INFO] app.services.auth_service: [SIMULATED PASSWORD RESET] username=pytest_forgot link=http://localhost:5173/reset-password?token=6lVQ_AqwmuZXe9Ix9tavNYwz8_f-wj6bhIL0InX84AM
2026-09-09 21:03:58,564 [INFO] httpx: HTTP Request: POST http://testserver/api/auth/forgot-password "HTTP/1.1 200 OK"
2026-09-09 21:03:58,800 [INFO] httpx: HTTP Request: POST http://testserver/api/auth/reset-password "HTTP/1.1 200 OK"
2026-09-09 21:03:59,056 [INFO] httpx: HTTP Request: POST http://testserver/api/auth/login "HTTP/1.1 401 Unauthorized"
2026-09-09 21:03:59,293 [INFO] httpx: HTTP Request: POST http://testserver/api/auth/login "HTTP/1.1 200 OK"
2026-09-09 21:03:59,297 [INFO] httpx: HTTP Request: POST http://testserver/api/auth/reset-password "HTTP/1.1 400 Bad Request"
2026-09-09 21:03:59,306 [INFO] httpx: HTTP Request: POST http://testserver/api/auth/forgot-password "HTTP/1.1 200 OK"
2026-09-09 21:03:59,314 [INFO] httpx: HTTP Request: POST http://testserver/api/auth/reset-password "HTTP/1.1 400 Bad Request"
2026-09-09 21:03:59,584 [INFO] httpx: HTTP Request: POST http://testserver/api/auth/register "HTTP/1.1 201 Created"
2026-09-09 21:03:59,837 [INFO] httpx: HTTP Request: POST http://testserver/api/auth/login "HTTP/1.1 200 OK"
2026-09-09 21:03:59,846 [INFO] httpx: HTTP Request: POST http://testserver/api/athletes "HTTP/1.1 201 Created"
2026-09-09 21:03:59,855 [INFO] httpx: HTTP Request: GET http://testserver/api/athletes "HTTP/1.1 200 OK"
2026-09-09 21:03:59,862 [INFO] httpx: HTTP Request: GET http://testserver/api/athletes "HTTP/1.1 200 OK"
2026-09-09 21:03:59,870 [INFO] httpx: HTTP Request: POST http://testserver/api/auth/register "HTTP/1.1 409 Conflict"
2026-09-09 21:04:00,108 [INFO] httpx: HTTP Request: POST http://testserver/api/auth/login "HTTP/1.1 200 OK"
2026-09-09 21:04:00,121 [INFO] httpx: HTTP Request: POST http://testserver/api/athletes "HTTP/1.1 201 Created"
2026-09-09 21:04:00,130 [INFO] httpx: HTTP Request: GET http://testserver/api/athletes/PYTEST-ISO-002 "HTTP/1.1 200 OK"
2026-09-09 21:04:00,138 [INFO] httpx: HTTP Request: GET http://testserver/api/athletes/PYTEST-ISO-002 "HTTP/1.1 404 Not Found"
2026-09-09 21:04:00,146 [INFO] httpx: HTTP Request: POST http://testserver/api/auth/register "HTTP/1.1 409 Conflict"
2026-09-09 21:04:00,378 [INFO] httpx: HTTP Request: POST http://testserver/api/auth/login "HTTP/1.1 200 OK"
2026-09-09 21:04:00,393 [INFO] httpx: HTTP Request: POST http://testserver/api/athletes "HTTP/1.1 201 Created"
2026-09-09 21:04:00,432 [INFO] httpx: HTTP Request: POST http://testserver/api/predictions "HTTP/1.1 201 Created"
2026-09-09 21:04:00,455 [INFO] httpx: HTTP Request: GET http://testserver/api/predictions/PRED-2cab420af6ca "HTTP/1.1 200 OK"
2026-09-09 21:04:00,470 [INFO] httpx: HTTP Request: GET http://testserver/api/predictions/PRED-2cab420af6ca "HTTP/1.1 404 Not Found"
2026-09-09 21:04:00,483 [INFO] httpx: HTTP Request: GET http://testserver/api/predictions "HTTP/1.1 200 OK"
2026-09-09 21:04:00,515 [INFO] httpx: HTTP Request: GET http://testserver/api/dashboard/stats "HTTP/1.1 200 OK"
2026-09-09 21:04:00,565 [INFO] httpx: HTTP Request: GET http://testserver/api/health "HTTP/1.1 200 OK"
2026-09-09 21:04:29,685 [INFO] app.main: Explainable Injury AI API starting up.
2026-09-09 21:04:29,695 [INFO] app.database.mongodb: MongoDB indexes ensured.
2026-09-09 21:11:26,062 [ERROR] asyncio: Exception in callback _ProactorBasePipeTransport._call_connection_lost()
handle: <Handle _ProactorBasePipeTransport._call_connection_lost()>
Traceback (most recent call last):
  File "C:\Users\91822\AppData\Local\Programs\Python\Python313\Lib\asyncio\events.py", line 89, in _run
    self._context.run(self._callback, *self._args)
    ~~~~~~~~~~~~~~~~~^^^^^^^^^^^^^^^^^^^^^^^^^^^^^
  File "C:\Users\91822\AppData\Local\Programs\Python\Python313\Lib\asyncio\proactor_events.py", line 165, in _call_connection_lost
    self._sock.shutdown(socket.SHUT_RDWR)
    ~~~~~~~~~~~~~~~~~~~^^^^^^^^^^^^^^^^^^
ConnectionResetError: [WinError 10054] An existing connection was forcibly closed by the remote host
2026-09-09 21:16:47,000 [INFO] httpx: HTTP Request: POST http://testserver/api/auth/register "HTTP/1.1 201 Created"
2026-09-09 21:16:47,254 [INFO] httpx: HTTP Request: POST http://testserver/api/auth/login "HTTP/1.1 200 OK"
2026-09-09 21:16:47,274 [INFO] httpx: HTTP Request: POST http://testserver/api/athletes "HTTP/1.1 201 Created"
2026-09-09 21:16:47,287 [INFO] httpx: HTTP Request: POST http://testserver/api/athletes/PYTEST-PRED-001/assessments "HTTP/1.1 201 Created"
2026-09-09 21:16:47,675 [INFO] httpx: HTTP Request: POST http://testserver/api/predictions "HTTP/1.1 201 Created"
2026-09-09 21:16:47,701 [INFO] httpx: HTTP Request: POST http://testserver/api/predictions "HTTP/1.1 201 Created"
2026-09-09 21:16:47,708 [INFO] httpx: HTTP Request: GET http://testserver/api/predictions/PRED-20a04d824cd1 "HTTP/1.1 200 OK"
2026-09-09 21:16:47,722 [INFO] httpx: HTTP Request: GET http://testserver/api/athletes/PYTEST-PRED-001/predictions "HTTP/1.1 200 OK"
2026-09-09 21:16:47,732 [INFO] httpx: HTTP Request: POST http://testserver/api/predictions "HTTP/1.1 404 Not Found"
2026-09-09 21:16:47,741 [INFO] httpx: HTTP Request: POST http://testserver/api/athletes "HTTP/1.1 201 Created"
2026-09-09 21:16:47,748 [INFO] httpx: HTTP Request: GET http://testserver/api/athletes/PYTEST-001 "HTTP/1.1 200 OK"
2026-09-09 21:16:47,758 [INFO] httpx: HTTP Request: POST http://testserver/api/athletes "HTTP/1.1 201 Created"
2026-09-09 21:16:47,763 [INFO] httpx: HTTP Request: POST http://testserver/api/athletes "HTTP/1.1 409 Conflict"
2026-09-09 21:16:47,773 [INFO] httpx: HTTP Request: POST http://testserver/api/athletes "HTTP/1.1 201 Created"
2026-09-09 21:16:47,785 [INFO] httpx: HTTP Request: PUT http://testserver/api/athletes/PYTEST-003 "HTTP/1.1 200 OK"
2026-09-09 21:16:47,796 [INFO] httpx: HTTP Request: POST http://testserver/api/athletes "HTTP/1.1 201 Created"
2026-09-09 21:16:47,803 [INFO] httpx: HTTP Request: DELETE http://testserver/api/athletes/PYTEST-004 "HTTP/1.1 204 No Content"
2026-09-09 21:16:47,810 [INFO] httpx: HTTP Request: GET http://testserver/api/athletes/PYTEST-004 "HTTP/1.1 404 Not Found"
2026-09-09 21:16:47,817 [INFO] httpx: HTTP Request: GET http://testserver/api/athletes/PYTEST-DOES-NOT-EXIST "HTTP/1.1 404 Not Found"
2026-09-09 21:16:47,824 [INFO] httpx: HTTP Request: POST http://testserver/api/athletes "HTTP/1.1 422 Unprocessable Entity"
2026-09-09 21:16:47,834 [INFO] httpx: HTTP Request: POST http://testserver/api/athletes "HTTP/1.1 201 Created"
2026-09-09 21:16:47,841 [INFO] httpx: HTTP Request: POST http://testserver/api/athletes "HTTP/1.1 201 Created"
2026-09-09 21:16:48,076 [INFO] httpx: HTTP Request: POST http://testserver/api/auth/register "HTTP/1.1 201 Created"
2026-09-09 21:16:48,299 [INFO] httpx: HTTP Request: POST http://testserver/api/auth/login "HTTP/1.1 200 OK"
2026-09-09 21:16:48,525 [INFO] httpx: HTTP Request: POST http://testserver/api/auth/register "HTTP/1.1 201 Created"
2026-09-09 21:16:48,747 [INFO] httpx: HTTP Request: POST http://testserver/api/auth/login "HTTP/1.1 401 Unauthorized"
2026-09-09 21:16:48,974 [INFO] httpx: HTTP Request: POST http://testserver/api/auth/register "HTTP/1.1 201 Created"
2026-09-09 21:16:48,980 [INFO] httpx: HTTP Request: POST http://testserver/api/auth/register "HTTP/1.1 409 Conflict"
2026-09-09 21:16:48,984 [INFO] httpx: HTTP Request: GET http://testserver/api/auth/me "HTTP/1.1 401 Unauthorized"
2026-09-09 21:16:48,991 [INFO] httpx: HTTP Request: GET http://testserver/api/auth/me "HTTP/1.1 200 OK"
2026-09-09 21:16:49,224 [INFO] httpx: HTTP Request: POST http://testserver/api/auth/register "HTTP/1.1 201 Created"
2026-09-09 21:16:49,229 [INFO] app.services.auth_service: [SIMULATED PASSWORD RESET] username=pytest_forgot link=http://localhost:5173/reset-password?token=4kadb_ZuHPCV8vmiU0oCjtgaIJD8SdCQIvtYaUDM-Lc
2026-09-09 21:16:49,232 [INFO] httpx: HTTP Request: POST http://testserver/api/auth/forgot-password "HTTP/1.1 200 OK"
2026-09-09 21:16:49,462 [INFO] httpx: HTTP Request: POST http://testserver/api/auth/reset-password "HTTP/1.1 200 OK"
2026-09-09 21:16:49,686 [INFO] httpx: HTTP Request: POST http://testserver/api/auth/login "HTTP/1.1 401 Unauthorized"
2026-09-09 21:16:49,911 [INFO] httpx: HTTP Request: POST http://testserver/api/auth/login "HTTP/1.1 200 OK"
2026-09-09 21:16:49,915 [INFO] httpx: HTTP Request: POST http://testserver/api/auth/reset-password "HTTP/1.1 400 Bad Request"
2026-09-09 21:16:49,921 [INFO] httpx: HTTP Request: POST http://testserver/api/auth/forgot-password "HTTP/1.1 200 OK"
2026-09-09 21:16:49,927 [INFO] httpx: HTTP Request: POST http://testserver/api/auth/reset-password "HTTP/1.1 400 Bad Request"
2026-09-09 21:16:50,149 [INFO] httpx: HTTP Request: POST http://testserver/api/auth/register "HTTP/1.1 201 Created"
2026-09-09 21:16:50,369 [INFO] httpx: HTTP Request: POST http://testserver/api/auth/login "HTTP/1.1 200 OK"
2026-09-09 21:16:50,378 [INFO] httpx: HTTP Request: POST http://testserver/api/athletes "HTTP/1.1 201 Created"
2026-09-09 21:16:50,384 [INFO] httpx: HTTP Request: GET http://testserver/api/athletes "HTTP/1.1 200 OK"
2026-09-09 21:16:50,391 [INFO] httpx: HTTP Request: GET http://testserver/api/athletes "HTTP/1.1 200 OK"
2026-09-09 21:16:50,398 [INFO] httpx: HTTP Request: POST http://testserver/api/auth/register "HTTP/1.1 409 Conflict"
2026-09-09 21:16:50,635 [INFO] httpx: HTTP Request: POST http://testserver/api/auth/login "HTTP/1.1 200 OK"
2026-09-09 21:16:50,644 [INFO] httpx: HTTP Request: POST http://testserver/api/athletes "HTTP/1.1 201 Created"
2026-09-09 21:16:50,651 [INFO] httpx: HTTP Request: GET http://testserver/api/athletes/PYTEST-ISO-002 "HTTP/1.1 200 OK"
2026-09-09 21:16:50,659 [INFO] httpx: HTTP Request: GET http://testserver/api/athletes/PYTEST-ISO-002 "HTTP/1.1 404 Not Found"
2026-09-09 21:16:50,665 [INFO] httpx: HTTP Request: POST http://testserver/api/auth/register "HTTP/1.1 409 Conflict"
2026-09-09 21:16:50,890 [INFO] httpx: HTTP Request: POST http://testserver/api/auth/login "HTTP/1.1 200 OK"
2026-09-09 21:16:50,899 [INFO] httpx: HTTP Request: POST http://testserver/api/athletes "HTTP/1.1 201 Created"
2026-09-09 21:16:50,928 [INFO] httpx: HTTP Request: POST http://testserver/api/predictions "HTTP/1.1 201 Created"
2026-09-09 21:16:50,936 [INFO] httpx: HTTP Request: GET http://testserver/api/predictions/PRED-da93fdc294f1 "HTTP/1.1 200 OK"
2026-09-09 21:16:50,941 [INFO] httpx: HTTP Request: GET http://testserver/api/predictions/PRED-da93fdc294f1 "HTTP/1.1 404 Not Found"
2026-09-09 21:16:50,948 [INFO] httpx: HTTP Request: GET http://testserver/api/predictions "HTTP/1.1 200 OK"
2026-09-09 21:16:50,969 [INFO] httpx: HTTP Request: GET http://testserver/api/dashboard/stats "HTTP/1.1 200 OK"
2026-09-09 21:16:51,011 [INFO] httpx: HTTP Request: GET http://testserver/api/health "HTTP/1.1 200 OK"
2026-09-09 21:56:57,951 [INFO] httpx: HTTP Request: POST http://testserver/api/auth/register "HTTP/1.1 201 Created"
2026-09-09 21:56:58,211 [INFO] httpx: HTTP Request: POST http://testserver/api/auth/login "HTTP/1.1 200 OK"
2026-09-09 21:56:58,232 [INFO] httpx: HTTP Request: POST http://testserver/api/athletes "HTTP/1.1 201 Created"
2026-09-09 21:56:58,248 [INFO] httpx: HTTP Request: POST http://testserver/api/athletes/PYTEST-PRED-001/assessments "HTTP/1.1 201 Created"
2026-09-09 21:56:58,737 [INFO] httpx: HTTP Request: POST http://testserver/api/predictions "HTTP/1.1 201 Created"
2026-09-09 21:56:58,767 [INFO] httpx: HTTP Request: POST http://testserver/api/predictions "HTTP/1.1 201 Created"
2026-09-09 21:56:58,774 [INFO] httpx: HTTP Request: GET http://testserver/api/predictions/PRED-c2be5d50ed62 "HTTP/1.1 200 OK"
2026-09-09 21:56:58,783 [INFO] httpx: HTTP Request: GET http://testserver/api/athletes/PYTEST-PRED-001/predictions "HTTP/1.1 200 OK"
2026-09-09 21:56:58,793 [INFO] httpx: HTTP Request: POST http://testserver/api/predictions "HTTP/1.1 404 Not Found"
2026-09-09 21:56:58,803 [INFO] httpx: HTTP Request: POST http://testserver/api/athletes "HTTP/1.1 201 Created"
2026-09-09 21:56:58,810 [INFO] httpx: HTTP Request: GET http://testserver/api/athletes/PYTEST-001 "HTTP/1.1 200 OK"
2026-09-09 21:56:58,820 [INFO] httpx: HTTP Request: POST http://testserver/api/athletes "HTTP/1.1 201 Created"
2026-09-09 21:56:58,826 [INFO] httpx: HTTP Request: POST http://testserver/api/athletes "HTTP/1.1 409 Conflict"
2026-09-09 21:56:58,836 [INFO] httpx: HTTP Request: POST http://testserver/api/athletes "HTTP/1.1 201 Created"
2026-09-09 21:56:58,850 [INFO] httpx: HTTP Request: PUT http://testserver/api/athletes/PYTEST-003 "HTTP/1.1 200 OK"
2026-09-09 21:56:58,861 [INFO] httpx: HTTP Request: POST http://testserver/api/athletes "HTTP/1.1 201 Created"
2026-09-09 21:56:58,871 [INFO] httpx: HTTP Request: DELETE http://testserver/api/athletes/PYTEST-004 "HTTP/1.1 204 No Content"
2026-09-09 21:56:58,877 [INFO] httpx: HTTP Request: GET http://testserver/api/athletes/PYTEST-004 "HTTP/1.1 404 Not Found"
2026-09-09 21:56:58,884 [INFO] httpx: HTTP Request: GET http://testserver/api/athletes/PYTEST-DOES-NOT-EXIST "HTTP/1.1 404 Not Found"
2026-09-09 21:56:58,893 [INFO] httpx: HTTP Request: POST http://testserver/api/athletes "HTTP/1.1 422 Unprocessable Entity"
2026-09-09 21:56:58,904 [INFO] httpx: HTTP Request: POST http://testserver/api/athletes "HTTP/1.1 201 Created"
2026-09-09 21:56:58,911 [INFO] httpx: HTTP Request: POST http://testserver/api/athletes "HTTP/1.1 201 Created"
2026-09-09 21:56:59,159 [INFO] httpx: HTTP Request: POST http://testserver/api/auth/register "HTTP/1.1 201 Created"
2026-09-09 21:56:59,384 [INFO] httpx: HTTP Request: POST http://testserver/api/auth/login "HTTP/1.1 200 OK"
2026-09-09 21:56:59,626 [INFO] httpx: HTTP Request: POST http://testserver/api/auth/register "HTTP/1.1 201 Created"
2026-09-09 21:56:59,848 [INFO] httpx: HTTP Request: POST http://testserver/api/auth/login "HTTP/1.1 401 Unauthorized"
2026-09-09 21:57:00,079 [INFO] httpx: HTTP Request: POST http://testserver/api/auth/register "HTTP/1.1 201 Created"
2026-09-09 21:57:00,085 [INFO] httpx: HTTP Request: POST http://testserver/api/auth/register "HTTP/1.1 409 Conflict"
2026-09-09 21:57:00,089 [INFO] httpx: HTTP Request: GET http://testserver/api/auth/me "HTTP/1.1 401 Unauthorized"
2026-09-09 21:57:00,096 [INFO] httpx: HTTP Request: GET http://testserver/api/auth/me "HTTP/1.1 200 OK"
2026-09-09 21:57:00,313 [INFO] httpx: HTTP Request: POST http://testserver/api/auth/register "HTTP/1.1 201 Created"
2026-09-09 21:57:00,319 [INFO] app.services.auth_service: [SIMULATED PASSWORD RESET] username=pytest_forgot link=http://localhost:5173/reset-password?token=aqiOI5vVCEm7e7NvANVbaGfnO9-FlsCiBE8atFW4xoc
2026-09-09 21:57:00,321 [INFO] httpx: HTTP Request: POST http://testserver/api/auth/forgot-password "HTTP/1.1 200 OK"
2026-09-09 21:57:00,547 [INFO] httpx: HTTP Request: POST http://testserver/api/auth/reset-password "HTTP/1.1 200 OK"
2026-09-09 21:57:00,797 [INFO] httpx: HTTP Request: POST http://testserver/api/auth/login "HTTP/1.1 401 Unauthorized"
2026-09-09 21:57:01,058 [INFO] httpx: HTTP Request: POST http://testserver/api/auth/login "HTTP/1.1 200 OK"
2026-09-09 21:57:01,064 [INFO] httpx: HTTP Request: POST http://testserver/api/auth/reset-password "HTTP/1.1 400 Bad Request"
2026-09-09 21:57:01,071 [INFO] httpx: HTTP Request: POST http://testserver/api/auth/forgot-password "HTTP/1.1 200 OK"
2026-09-09 21:57:01,079 [INFO] httpx: HTTP Request: POST http://testserver/api/auth/reset-password "HTTP/1.1 400 Bad Request"
2026-09-09 21:57:01,350 [INFO] httpx: HTTP Request: POST http://testserver/api/auth/register "HTTP/1.1 201 Created"
2026-09-09 21:57:01,613 [INFO] httpx: HTTP Request: POST http://testserver/api/auth/login "HTTP/1.1 200 OK"
2026-09-09 21:57:01,632 [INFO] httpx: HTTP Request: POST http://testserver/api/athletes "HTTP/1.1 201 Created"
2026-09-09 21:57:01,646 [INFO] httpx: HTTP Request: GET http://testserver/api/athletes "HTTP/1.1 200 OK"
2026-09-09 21:57:01,654 [INFO] httpx: HTTP Request: GET http://testserver/api/athletes "HTTP/1.1 200 OK"
2026-09-09 21:57:01,661 [INFO] httpx: HTTP Request: POST http://testserver/api/auth/register "HTTP/1.1 409 Conflict"
2026-09-09 21:57:01,934 [INFO] httpx: HTTP Request: POST http://testserver/api/auth/login "HTTP/1.1 200 OK"
2026-09-09 21:57:01,944 [INFO] httpx: HTTP Request: POST http://testserver/api/athletes "HTTP/1.1 201 Created"
2026-09-09 21:57:01,954 [INFO] httpx: HTTP Request: GET http://testserver/api/athletes/PYTEST-ISO-002 "HTTP/1.1 200 OK"
2026-09-09 21:57:01,961 [INFO] httpx: HTTP Request: GET http://testserver/api/athletes/PYTEST-ISO-002 "HTTP/1.1 404 Not Found"
2026-09-09 21:57:01,969 [INFO] httpx: HTTP Request: POST http://testserver/api/auth/register "HTTP/1.1 409 Conflict"
2026-09-09 21:57:02,265 [INFO] httpx: HTTP Request: POST http://testserver/api/auth/login "HTTP/1.1 200 OK"
2026-09-09 21:57:02,278 [INFO] httpx: HTTP Request: POST http://testserver/api/athletes "HTTP/1.1 201 Created"
2026-09-09 21:57:02,327 [INFO] httpx: HTTP Request: POST http://testserver/api/predictions "HTTP/1.1 201 Created"
2026-09-09 21:57:02,335 [INFO] httpx: HTTP Request: GET http://testserver/api/predictions/PRED-63743c1241be "HTTP/1.1 200 OK"
2026-09-09 21:57:02,342 [INFO] httpx: HTTP Request: GET http://testserver/api/predictions/PRED-63743c1241be "HTTP/1.1 404 Not Found"
2026-09-09 21:57:02,349 [INFO] httpx: HTTP Request: GET http://testserver/api/predictions "HTTP/1.1 200 OK"
2026-09-09 21:57:02,376 [INFO] httpx: HTTP Request: GET http://testserver/api/dashboard/stats "HTTP/1.1 200 OK"
2026-09-09 21:57:02,417 [INFO] httpx: HTTP Request: GET http://testserver/api/health "HTTP/1.1 200 OK"
2026-09-09 21:58:43,951 [INFO] app.main: Explainable Injury AI API starting up.
2026-09-09 21:58:43,978 [INFO] app.database.mongodb: MongoDB indexes ensured.
2026-09-09 21:58:49,966 [INFO] app.main: Explainable Injury AI API starting up.
2026-09-09 21:58:49,980 [INFO] app.database.mongodb: MongoDB indexes ensured.
2026-09-09 21:58:56,982 [INFO] app.main: Explainable Injury AI API starting up.
2026-09-09 21:58:57,019 [INFO] app.database.mongodb: MongoDB indexes ensured.
2026-09-09 21:59:02,306 [INFO] app.main: Explainable Injury AI API starting up.
2026-09-09 21:59:02,317 [INFO] app.database.mongodb: MongoDB indexes ensured.
2026-09-09 21:59:07,553 [INFO] app.main: Explainable Injury AI API starting up.
2026-09-09 21:59:07,569 [INFO] app.database.mongodb: MongoDB indexes ensured.
2026-09-09 21:59:14,830 [INFO] app.main: Explainable Injury AI API starting up.
2026-09-09 21:59:14,841 [INFO] app.database.mongodb: MongoDB indexes ensured.
2026-09-09 21:59:24,058 [INFO] app.main: Explainable Injury AI API starting up.
2026-09-09 21:59:24,084 [INFO] app.database.mongodb: MongoDB indexes ensured.
2026-09-09 21:59:39,402 [INFO] app.main: Explainable Injury AI API starting up.
2026-09-09 21:59:39,412 [INFO] app.database.mongodb: MongoDB indexes ensured.
2026-09-09 21:59:49,304 [INFO] app.main: Explainable Injury AI API starting up.
2026-09-09 21:59:49,317 [INFO] app.database.mongodb: MongoDB indexes ensured.
2026-09-09 21:59:53,867 [INFO] app.main: Explainable Injury AI API starting up.
2026-09-09 21:59:53,881 [INFO] app.database.mongodb: MongoDB indexes ensured.
2026-09-09 22:00:03,784 [INFO] app.main: Explainable Injury AI API starting up.
2026-09-09 22:00:03,827 [INFO] app.database.mongodb: MongoDB indexes ensured.
2026-09-09 22:00:14,543 [INFO] app.main: Explainable Injury AI API starting up.
2026-09-09 22:00:14,556 [INFO] app.database.mongodb: MongoDB indexes ensured.
2026-09-09 22:00:34,988 [INFO] app.main: Explainable Injury AI API starting up.
2026-09-09 22:00:35,008 [INFO] app.database.mongodb: MongoDB indexes ensured.
2026-09-09 22:00:51,470 [INFO] app.main: Explainable Injury AI API starting up.
2026-09-09 22:00:51,485 [INFO] app.database.mongodb: MongoDB indexes ensured.
2026-09-09 22:01:15,365 [INFO] httpx: HTTP Request: POST http://testserver/api/auth/register "HTTP/1.1 201 Created"
2026-09-09 22:01:15,657 [INFO] httpx: HTTP Request: POST http://testserver/api/auth/login "HTTP/1.1 200 OK"
2026-09-09 22:01:15,675 [INFO] httpx: HTTP Request: POST http://testserver/api/athletes "HTTP/1.1 201 Created"
2026-09-09 22:01:15,689 [INFO] httpx: HTTP Request: POST http://testserver/api/athletes/PYTEST-PRED-001/assessments "HTTP/1.1 201 Created"
2026-09-09 22:01:16,183 [INFO] httpx: HTTP Request: POST http://testserver/api/predictions "HTTP/1.1 201 Created"
2026-09-09 22:01:16,213 [INFO] httpx: HTTP Request: POST http://testserver/api/predictions "HTTP/1.1 201 Created"
2026-09-09 22:01:16,220 [INFO] httpx: HTTP Request: GET http://testserver/api/predictions/PRED-8ab14ec729a0 "HTTP/1.1 200 OK"
2026-09-09 22:01:16,229 [INFO] httpx: HTTP Request: GET http://testserver/api/athletes/PYTEST-PRED-001/predictions "HTTP/1.1 200 OK"
2026-09-09 22:01:16,239 [INFO] httpx: HTTP Request: POST http://testserver/api/predictions "HTTP/1.1 404 Not Found"
2026-09-09 22:01:16,251 [INFO] httpx: HTTP Request: POST http://testserver/api/athletes "HTTP/1.1 201 Created"
2026-09-09 22:01:16,259 [INFO] httpx: HTTP Request: GET http://testserver/api/athletes/PYTEST-001 "HTTP/1.1 200 OK"
2026-09-09 22:01:16,269 [INFO] httpx: HTTP Request: POST http://testserver/api/athletes "HTTP/1.1 201 Created"
2026-09-09 22:01:16,275 [INFO] httpx: HTTP Request: POST http://testserver/api/athletes "HTTP/1.1 409 Conflict"
2026-09-09 22:01:16,287 [INFO] httpx: HTTP Request: POST http://testserver/api/athletes "HTTP/1.1 201 Created"
2026-09-09 22:01:16,300 [INFO] httpx: HTTP Request: PUT http://testserver/api/athletes/PYTEST-003 "HTTP/1.1 200 OK"
2026-09-09 22:01:16,311 [INFO] httpx: HTTP Request: POST http://testserver/api/athletes "HTTP/1.1 201 Created"
2026-09-09 22:01:16,320 [INFO] httpx: HTTP Request: DELETE http://testserver/api/athletes/PYTEST-004 "HTTP/1.1 204 No Content"
2026-09-09 22:01:16,328 [INFO] httpx: HTTP Request: GET http://testserver/api/athletes/PYTEST-004 "HTTP/1.1 404 Not Found"
2026-09-09 22:01:16,336 [INFO] httpx: HTTP Request: GET http://testserver/api/athletes/PYTEST-DOES-NOT-EXIST "HTTP/1.1 404 Not Found"
2026-09-09 22:01:16,345 [INFO] httpx: HTTP Request: POST http://testserver/api/athletes "HTTP/1.1 422 Unprocessable Entity"
2026-09-09 22:01:16,356 [INFO] httpx: HTTP Request: POST http://testserver/api/athletes "HTTP/1.1 201 Created"
2026-09-09 22:01:16,364 [INFO] httpx: HTTP Request: POST http://testserver/api/athletes "HTTP/1.1 201 Created"
2026-09-09 22:01:16,619 [INFO] httpx: HTTP Request: POST http://testserver/api/auth/register "HTTP/1.1 201 Created"
2026-09-09 22:01:16,876 [INFO] httpx: HTTP Request: POST http://testserver/api/auth/login "HTTP/1.1 200 OK"
2026-09-09 22:01:17,152 [INFO] httpx: HTTP Request: POST http://testserver/api/auth/register "HTTP/1.1 201 Created"
2026-09-09 22:01:17,391 [INFO] httpx: HTTP Request: POST http://testserver/api/auth/login "HTTP/1.1 401 Unauthorized"
2026-09-09 22:01:17,645 [INFO] httpx: HTTP Request: POST http://testserver/api/auth/register "HTTP/1.1 201 Created"
2026-09-09 22:01:17,650 [INFO] httpx: HTTP Request: POST http://testserver/api/auth/register "HTTP/1.1 409 Conflict"
2026-09-09 22:01:17,656 [INFO] httpx: HTTP Request: GET http://testserver/api/auth/me "HTTP/1.1 401 Unauthorized"
2026-09-09 22:01:17,664 [INFO] httpx: HTTP Request: GET http://testserver/api/auth/me "HTTP/1.1 200 OK"
2026-09-09 22:01:17,897 [INFO] httpx: HTTP Request: POST http://testserver/api/auth/register "HTTP/1.1 201 Created"
2026-09-09 22:01:17,903 [INFO] app.services.auth_service: [SIMULATED PASSWORD RESET] username=pytest_forgot link=http://localhost:5173/reset-password?token=vPxV5bBn6RJ6-utraRddUIGmswvz4DLlSDXCTPcTVFs
2026-09-09 22:01:17,905 [INFO] httpx: HTTP Request: POST http://testserver/api/auth/forgot-password "HTTP/1.1 200 OK"
2026-09-09 22:01:18,160 [INFO] httpx: HTTP Request: POST http://testserver/api/auth/reset-password "HTTP/1.1 200 OK"
2026-09-09 22:01:18,412 [INFO] httpx: HTTP Request: POST http://testserver/api/auth/login "HTTP/1.1 401 Unauthorized"
2026-09-09 22:01:18,685 [INFO] httpx: HTTP Request: POST http://testserver/api/auth/login "HTTP/1.1 200 OK"
2026-09-09 22:01:18,691 [INFO] httpx: HTTP Request: POST http://testserver/api/auth/reset-password "HTTP/1.1 400 Bad Request"
2026-09-09 22:01:18,697 [INFO] httpx: HTTP Request: POST http://testserver/api/auth/forgot-password "HTTP/1.1 200 OK"
2026-09-09 22:01:18,704 [INFO] httpx: HTTP Request: POST http://testserver/api/auth/reset-password "HTTP/1.1 400 Bad Request"
2026-09-09 22:01:19,038 [INFO] httpx: HTTP Request: POST http://testserver/api/auth/register "HTTP/1.1 201 Created"
2026-09-09 22:01:19,286 [INFO] httpx: HTTP Request: POST http://testserver/api/auth/login "HTTP/1.1 200 OK"
2026-09-09 22:01:19,300 [INFO] httpx: HTTP Request: POST http://testserver/api/athletes "HTTP/1.1 201 Created"
2026-09-09 22:01:19,308 [INFO] httpx: HTTP Request: GET http://testserver/api/athletes "HTTP/1.1 200 OK"
2026-09-09 22:01:19,315 [INFO] httpx: HTTP Request: GET http://testserver/api/athletes "HTTP/1.1 200 OK"
2026-09-09 22:01:19,321 [INFO] httpx: HTTP Request: POST http://testserver/api/auth/register "HTTP/1.1 409 Conflict"
2026-09-09 22:01:19,588 [INFO] httpx: HTTP Request: POST http://testserver/api/auth/login "HTTP/1.1 200 OK"
2026-09-09 22:01:19,598 [INFO] httpx: HTTP Request: POST http://testserver/api/athletes "HTTP/1.1 201 Created"
2026-09-09 22:01:19,606 [INFO] httpx: HTTP Request: GET http://testserver/api/athletes/PYTEST-ISO-002 "HTTP/1.1 200 OK"
2026-09-09 22:01:19,613 [INFO] httpx: HTTP Request: GET http://testserver/api/athletes/PYTEST-ISO-002 "HTTP/1.1 404 Not Found"
2026-09-09 22:01:19,620 [INFO] httpx: HTTP Request: POST http://testserver/api/auth/register "HTTP/1.1 409 Conflict"
2026-09-09 22:01:19,889 [INFO] httpx: HTTP Request: POST http://testserver/api/auth/login "HTTP/1.1 200 OK"
2026-09-09 22:01:19,899 [INFO] httpx: HTTP Request: POST http://testserver/api/athletes "HTTP/1.1 201 Created"
2026-09-09 22:01:19,934 [INFO] httpx: HTTP Request: POST http://testserver/api/predictions "HTTP/1.1 201 Created"
2026-09-09 22:01:19,944 [INFO] httpx: HTTP Request: GET http://testserver/api/predictions/PRED-e35e61291912 "HTTP/1.1 200 OK"
2026-09-09 22:01:19,951 [INFO] httpx: HTTP Request: GET http://testserver/api/predictions/PRED-e35e61291912 "HTTP/1.1 404 Not Found"
2026-09-09 22:01:19,959 [INFO] httpx: HTTP Request: GET http://testserver/api/predictions "HTTP/1.1 200 OK"
2026-09-09 22:01:19,988 [INFO] httpx: HTTP Request: GET http://testserver/api/dashboard/stats "HTTP/1.1 200 OK"
2026-09-09 22:01:20,035 [INFO] httpx: HTTP Request: GET http://testserver/api/health "HTTP/1.1 200 OK"
2026-09-09 22:01:48,549 [INFO] app.main: Explainable Injury AI API starting up.
2026-09-09 22:01:48,573 [INFO] app.database.mongodb: MongoDB indexes ensured.
2026-09-09 22:03:00,897 [INFO] app.ml.hyperparameter_tuning: Best XGBoost params: {'colsample_bytree': np.float64(0.749816047538945), 'gamma': np.float64(4.75357153204958), 'learning_rate': np.float64(0.14907884894416698), 'max_depth': 7, 'min_child_weight': 5, 'n_estimators': 202, 'reg_alpha': np.float64(0.8916655057071823), 'reg_lambda': np.float64(0.19994983163600577), 'subsample': np.float64(0.7836995567863468)} (CV F1=0.0000)
2026-09-09 22:03:01,308 [INFO] app.ml.train_xgboost: Default XGBoost: {'accuracy': 0.3, 'precision': 0.0, 'recall': 0.0, 'f1_score': 0.0, 'specificity': 0.5, 'roc_auc': 0.2917, 'pr_auc': 0.3507}
2026-09-09 22:03:01,308 [INFO] app.ml.train_xgboost: Optimized XGBoost: {'accuracy': 0.6, 'precision': 0.0, 'recall': 0.0, 'f1_score': 0.0, 'specificity': 1.0, 'roc_auc': 0.5, 'pr_auc': 0.4}
2026-09-09 22:03:40,415 [INFO] app.ml.hyperparameter_tuning: Best XGBoost params: {'colsample_bytree': np.float64(0.749816047538945), 'gamma': np.float64(4.75357153204958), 'learning_rate': np.float64(0.14907884894416698), 'max_depth': 7, 'min_child_weight': 5, 'n_estimators': 202, 'reg_alpha': np.float64(0.8916655057071823), 'reg_lambda': np.float64(0.19994983163600577), 'subsample': np.float64(0.7836995567863468)} (CV F1=0.5855)
2026-09-09 22:03:41,967 [INFO] app.ml.train_xgboost: Default XGBoost: {'accuracy': 0.5875, 'precision': 0.6016, 'recall': 0.5968, 'f1_score': 0.5992, 'specificity': 0.5776, 'roc_auc': 0.5998, 'pr_auc': 0.5867}
2026-09-09 22:03:41,967 [INFO] app.ml.train_xgboost: Optimized XGBoost: {'accuracy': 0.5875, 'precision': 0.5912, 'recall': 0.6532, 'f1_score': 0.6207, 'specificity': 0.5172, 'roc_auc': 0.6063, 'pr_auc': 0.6038}
2026-09-09 22:04:13,814 [INFO] httpx: HTTP Request: POST http://testserver/api/auth/register "HTTP/1.1 201 Created"
2026-09-09 22:04:14,081 [INFO] httpx: HTTP Request: POST http://testserver/api/auth/login "HTTP/1.1 200 OK"
2026-09-09 22:04:14,110 [INFO] httpx: HTTP Request: POST http://testserver/api/athletes "HTTP/1.1 201 Created"
2026-09-09 22:04:14,126 [INFO] httpx: HTTP Request: POST http://testserver/api/athletes/PYTEST-PRED-001/assessments "HTTP/1.1 201 Created"
2026-09-09 22:04:14,501 [INFO] httpx: HTTP Request: POST http://testserver/api/predictions "HTTP/1.1 201 Created"
2026-09-09 22:04:14,538 [INFO] httpx: HTTP Request: POST http://testserver/api/predictions "HTTP/1.1 201 Created"
2026-09-09 22:04:14,547 [INFO] httpx: HTTP Request: GET http://testserver/api/predictions/PRED-6db18f487479 "HTTP/1.1 200 OK"
2026-09-09 22:04:14,569 [INFO] httpx: HTTP Request: GET http://testserver/api/athletes/PYTEST-PRED-001/predictions "HTTP/1.1 200 OK"
2026-09-09 22:04:14,580 [INFO] httpx: HTTP Request: POST http://testserver/api/predictions "HTTP/1.1 404 Not Found"
2026-09-09 22:04:14,593 [INFO] httpx: HTTP Request: POST http://testserver/api/athletes "HTTP/1.1 201 Created"
2026-09-09 22:04:14,600 [INFO] httpx: HTTP Request: GET http://testserver/api/athletes/PYTEST-001 "HTTP/1.1 200 OK"
2026-09-09 22:04:14,610 [INFO] httpx: HTTP Request: POST http://testserver/api/athletes "HTTP/1.1 201 Created"
2026-09-09 22:04:14,617 [INFO] httpx: HTTP Request: POST http://testserver/api/athletes "HTTP/1.1 409 Conflict"
2026-09-09 22:04:14,627 [INFO] httpx: HTTP Request: POST http://testserver/api/athletes "HTTP/1.1 201 Created"
2026-09-09 22:04:14,651 [INFO] httpx: HTTP Request: PUT http://testserver/api/athletes/PYTEST-003 "HTTP/1.1 200 OK"
2026-09-09 22:04:14,660 [INFO] httpx: HTTP Request: POST http://testserver/api/athletes "HTTP/1.1 201 Created"
2026-09-09 22:04:14,667 [INFO] httpx: HTTP Request: DELETE http://testserver/api/athletes/PYTEST-004 "HTTP/1.1 204 No Content"
2026-09-09 22:04:14,674 [INFO] httpx: HTTP Request: GET http://testserver/api/athletes/PYTEST-004 "HTTP/1.1 404 Not Found"
2026-09-09 22:04:14,684 [INFO] httpx: HTTP Request: GET http://testserver/api/athletes/PYTEST-DOES-NOT-EXIST "HTTP/1.1 404 Not Found"
2026-09-09 22:04:14,693 [INFO] httpx: HTTP Request: POST http://testserver/api/athletes "HTTP/1.1 422 Unprocessable Entity"
2026-09-09 22:04:14,716 [INFO] httpx: HTTP Request: POST http://testserver/api/athletes "HTTP/1.1 201 Created"
2026-09-09 22:04:14,724 [INFO] httpx: HTTP Request: POST http://testserver/api/athletes "HTTP/1.1 201 Created"
2026-09-09 22:04:15,026 [INFO] httpx: HTTP Request: POST http://testserver/api/auth/register "HTTP/1.1 201 Created"
2026-09-09 22:04:15,287 [INFO] httpx: HTTP Request: POST http://testserver/api/auth/login "HTTP/1.1 200 OK"
2026-09-09 22:04:15,540 [INFO] httpx: HTTP Request: POST http://testserver/api/auth/register "HTTP/1.1 201 Created"
2026-09-09 22:04:15,789 [INFO] httpx: HTTP Request: POST http://testserver/api/auth/login "HTTP/1.1 401 Unauthorized"
2026-09-09 22:04:16,049 [INFO] httpx: HTTP Request: POST http://testserver/api/auth/register "HTTP/1.1 201 Created"
2026-09-09 22:04:16,059 [INFO] httpx: HTTP Request: POST http://testserver/api/auth/register "HTTP/1.1 409 Conflict"
2026-09-09 22:04:16,068 [INFO] httpx: HTTP Request: GET http://testserver/api/auth/me "HTTP/1.1 401 Unauthorized"
2026-09-09 22:04:16,076 [INFO] httpx: HTTP Request: GET http://testserver/api/auth/me "HTTP/1.1 200 OK"
2026-09-09 22:04:16,338 [INFO] httpx: HTTP Request: POST http://testserver/api/auth/register "HTTP/1.1 201 Created"
2026-09-09 22:04:16,345 [INFO] app.services.auth_service: [SIMULATED PASSWORD RESET] username=pytest_forgot link=http://localhost:5173/reset-password?token=UUq3EpmoFKIIx9D64WIkbw68NjojPPIw_Z8uiIf2lCY
2026-09-09 22:04:16,347 [INFO] httpx: HTTP Request: POST http://testserver/api/auth/forgot-password "HTTP/1.1 200 OK"
2026-09-09 22:04:16,612 [INFO] httpx: HTTP Request: POST http://testserver/api/auth/reset-password "HTTP/1.1 200 OK"
2026-09-09 22:04:16,870 [INFO] httpx: HTTP Request: POST http://testserver/api/auth/login "HTTP/1.1 401 Unauthorized"
2026-09-09 22:04:17,120 [INFO] httpx: HTTP Request: POST http://testserver/api/auth/login "HTTP/1.1 200 OK"
2026-09-09 22:04:17,125 [INFO] httpx: HTTP Request: POST http://testserver/api/auth/reset-password "HTTP/1.1 400 Bad Request"
2026-09-09 22:04:17,133 [INFO] httpx: HTTP Request: POST http://testserver/api/auth/forgot-password "HTTP/1.1 200 OK"
2026-09-09 22:04:17,140 [INFO] httpx: HTTP Request: POST http://testserver/api/auth/reset-password "HTTP/1.1 400 Bad Request"
2026-09-09 22:04:17,392 [INFO] httpx: HTTP Request: POST http://testserver/api/auth/register "HTTP/1.1 201 Created"
2026-09-09 22:04:17,624 [INFO] httpx: HTTP Request: POST http://testserver/api/auth/login "HTTP/1.1 200 OK"
2026-09-09 22:04:17,634 [INFO] httpx: HTTP Request: POST http://testserver/api/athletes "HTTP/1.1 201 Created"
2026-09-09 22:04:17,652 [INFO] httpx: HTTP Request: GET http://testserver/api/athletes "HTTP/1.1 200 OK"
2026-09-09 22:04:17,659 [INFO] httpx: HTTP Request: GET http://testserver/api/athletes "HTTP/1.1 200 OK"
2026-09-09 22:04:17,667 [INFO] httpx: HTTP Request: POST http://testserver/api/auth/register "HTTP/1.1 409 Conflict"
2026-09-09 22:04:17,915 [INFO] httpx: HTTP Request: POST http://testserver/api/auth/login "HTTP/1.1 200 OK"
2026-09-09 22:04:17,926 [INFO] httpx: HTTP Request: POST http://testserver/api/athletes "HTTP/1.1 201 Created"
2026-09-09 22:04:17,932 [INFO] httpx: HTTP Request: GET http://testserver/api/athletes/PYTEST-ISO-002 "HTTP/1.1 200 OK"
2026-09-09 22:04:17,940 [INFO] httpx: HTTP Request: GET http://testserver/api/athletes/PYTEST-ISO-002 "HTTP/1.1 404 Not Found"
2026-09-09 22:04:17,948 [INFO] httpx: HTTP Request: POST http://testserver/api/auth/register "HTTP/1.1 409 Conflict"
2026-09-09 22:04:18,200 [INFO] httpx: HTTP Request: POST http://testserver/api/auth/login "HTTP/1.1 200 OK"
2026-09-09 22:04:18,209 [INFO] httpx: HTTP Request: POST http://testserver/api/athletes "HTTP/1.1 201 Created"
2026-09-09 22:04:18,242 [INFO] httpx: HTTP Request: POST http://testserver/api/predictions "HTTP/1.1 201 Created"
2026-09-09 22:04:18,250 [INFO] httpx: HTTP Request: GET http://testserver/api/predictions/PRED-55480101e28b "HTTP/1.1 200 OK"
2026-09-09 22:04:18,257 [INFO] httpx: HTTP Request: GET http://testserver/api/predictions/PRED-55480101e28b "HTTP/1.1 404 Not Found"
2026-09-09 22:04:18,265 [INFO] httpx: HTTP Request: GET http://testserver/api/predictions "HTTP/1.1 200 OK"
2026-09-09 22:04:18,383 [INFO] httpx: HTTP Request: GET http://testserver/api/dashboard/stats "HTTP/1.1 200 OK"
2026-09-09 22:04:18,428 [INFO] httpx: HTTP Request: GET http://testserver/api/health "HTTP/1.1 200 OK"
2026-09-09 22:08:58,626 [INFO] httpx: HTTP Request: POST http://testserver/api/auth/register "HTTP/1.1 201 Created"
2026-09-09 22:08:58,916 [INFO] httpx: HTTP Request: POST http://testserver/api/auth/login "HTTP/1.1 200 OK"
2026-09-09 22:08:58,968 [INFO] httpx: HTTP Request: POST http://testserver/api/athletes "HTTP/1.1 201 Created"
2026-09-09 22:08:58,989 [INFO] httpx: HTTP Request: POST http://testserver/api/athletes/PYTEST-PRED-001/assessments "HTTP/1.1 201 Created"
2026-09-09 22:08:59,355 [INFO] httpx: HTTP Request: POST http://testserver/api/predictions "HTTP/1.1 201 Created"
2026-09-09 22:08:59,382 [INFO] httpx: HTTP Request: POST http://testserver/api/predictions "HTTP/1.1 201 Created"
2026-09-09 22:08:59,390 [INFO] httpx: HTTP Request: GET http://testserver/api/predictions/PRED-dc20286f80d4 "HTTP/1.1 200 OK"
2026-09-09 22:08:59,404 [INFO] httpx: HTTP Request: GET http://testserver/api/athletes/PYTEST-PRED-001/predictions "HTTP/1.1 200 OK"
2026-09-09 22:08:59,415 [INFO] httpx: HTTP Request: POST http://testserver/api/predictions "HTTP/1.1 404 Not Found"
2026-09-09 22:08:59,425 [INFO] httpx: HTTP Request: POST http://testserver/api/athletes "HTTP/1.1 201 Created"
2026-09-09 22:08:59,432 [INFO] httpx: HTTP Request: GET http://testserver/api/athletes/PYTEST-001 "HTTP/1.1 200 OK"
2026-09-09 22:08:59,441 [INFO] httpx: HTTP Request: POST http://testserver/api/athletes "HTTP/1.1 201 Created"
2026-09-09 22:08:59,447 [INFO] httpx: HTTP Request: POST http://testserver/api/athletes "HTTP/1.1 409 Conflict"
2026-09-09 22:08:59,458 [INFO] httpx: HTTP Request: POST http://testserver/api/athletes "HTTP/1.1 201 Created"
2026-09-09 22:08:59,476 [INFO] httpx: HTTP Request: PUT http://testserver/api/athletes/PYTEST-003 "HTTP/1.1 200 OK"
2026-09-09 22:08:59,486 [INFO] httpx: HTTP Request: POST http://testserver/api/athletes "HTTP/1.1 201 Created"
2026-09-09 22:08:59,495 [INFO] httpx: HTTP Request: DELETE http://testserver/api/athletes/PYTEST-004 "HTTP/1.1 204 No Content"
2026-09-09 22:08:59,500 [INFO] httpx: HTTP Request: GET http://testserver/api/athletes/PYTEST-004 "HTTP/1.1 404 Not Found"
2026-09-09 22:08:59,508 [INFO] httpx: HTTP Request: GET http://testserver/api/athletes/PYTEST-DOES-NOT-EXIST "HTTP/1.1 404 Not Found"
2026-09-09 22:08:59,515 [INFO] httpx: HTTP Request: POST http://testserver/api/athletes "HTTP/1.1 422 Unprocessable Entity"
2026-09-09 22:08:59,534 [INFO] httpx: HTTP Request: POST http://testserver/api/athletes "HTTP/1.1 201 Created"
2026-09-09 22:08:59,542 [INFO] httpx: HTTP Request: POST http://testserver/api/athletes "HTTP/1.1 201 Created"
2026-09-09 22:08:59,777 [INFO] httpx: HTTP Request: POST http://testserver/api/auth/register "HTTP/1.1 201 Created"
2026-09-09 22:09:00,040 [INFO] httpx: HTTP Request: POST http://testserver/api/auth/login "HTTP/1.1 200 OK"
2026-09-09 22:09:00,274 [INFO] httpx: HTTP Request: POST http://testserver/api/auth/register "HTTP/1.1 201 Created"
2026-09-09 22:09:00,544 [INFO] httpx: HTTP Request: POST http://testserver/api/auth/login "HTTP/1.1 401 Unauthorized"
2026-09-09 22:09:00,811 [INFO] httpx: HTTP Request: POST http://testserver/api/auth/register "HTTP/1.1 201 Created"
2026-09-09 22:09:00,819 [INFO] httpx: HTTP Request: POST http://testserver/api/auth/register "HTTP/1.1 409 Conflict"
2026-09-09 22:09:00,825 [INFO] httpx: HTTP Request: GET http://testserver/api/auth/me "HTTP/1.1 401 Unauthorized"
2026-09-09 22:09:00,833 [INFO] httpx: HTTP Request: GET http://testserver/api/auth/me "HTTP/1.1 200 OK"
2026-09-09 22:09:01,114 [INFO] httpx: HTTP Request: POST http://testserver/api/auth/register "HTTP/1.1 201 Created"
2026-09-09 22:09:01,120 [INFO] app.services.auth_service: [SIMULATED PASSWORD RESET] username=pytest_forgot link=http://localhost:5173/reset-password?token=nsUBvUK2tXnrJyoFHB9Jyskb2WzkUfZlL35EkZP1QgE
2026-09-09 22:09:01,123 [INFO] httpx: HTTP Request: POST http://testserver/api/auth/forgot-password "HTTP/1.1 200 OK"
2026-09-09 22:09:01,388 [INFO] httpx: HTTP Request: POST http://testserver/api/auth/reset-password "HTTP/1.1 200 OK"
2026-09-09 22:09:01,657 [INFO] httpx: HTTP Request: POST http://testserver/api/auth/login "HTTP/1.1 401 Unauthorized"
2026-09-09 22:09:01,894 [INFO] httpx: HTTP Request: POST http://testserver/api/auth/login "HTTP/1.1 200 OK"
2026-09-09 22:09:01,899 [INFO] httpx: HTTP Request: POST http://testserver/api/auth/reset-password "HTTP/1.1 400 Bad Request"
2026-09-09 22:09:01,907 [INFO] httpx: HTTP Request: POST http://testserver/api/auth/forgot-password "HTTP/1.1 200 OK"
2026-09-09 22:09:01,913 [INFO] httpx: HTTP Request: POST http://testserver/api/auth/reset-password "HTTP/1.1 400 Bad Request"
2026-09-09 22:09:02,142 [INFO] httpx: HTTP Request: POST http://testserver/api/auth/register "HTTP/1.1 201 Created"
2026-09-09 22:09:02,377 [INFO] httpx: HTTP Request: POST http://testserver/api/auth/login "HTTP/1.1 200 OK"
2026-09-09 22:09:02,387 [INFO] httpx: HTTP Request: POST http://testserver/api/athletes "HTTP/1.1 201 Created"
2026-09-09 22:09:02,401 [INFO] httpx: HTTP Request: GET http://testserver/api/athletes "HTTP/1.1 200 OK"
2026-09-09 22:09:02,411 [INFO] httpx: HTTP Request: GET http://testserver/api/athletes "HTTP/1.1 200 OK"
2026-09-09 22:09:02,418 [INFO] httpx: HTTP Request: POST http://testserver/api/auth/register "HTTP/1.1 409 Conflict"
2026-09-09 22:09:02,675 [INFO] httpx: HTTP Request: POST http://testserver/api/auth/login "HTTP/1.1 200 OK"
2026-09-09 22:09:02,688 [INFO] httpx: HTTP Request: POST http://testserver/api/athletes "HTTP/1.1 201 Created"
2026-09-09 22:09:02,696 [INFO] httpx: HTTP Request: GET http://testserver/api/athletes/PYTEST-ISO-002 "HTTP/1.1 200 OK"
2026-09-09 22:09:02,702 [INFO] httpx: HTTP Request: GET http://testserver/api/athletes/PYTEST-ISO-002 "HTTP/1.1 404 Not Found"
2026-09-09 22:09:02,709 [INFO] httpx: HTTP Request: POST http://testserver/api/auth/register "HTTP/1.1 409 Conflict"
2026-09-09 22:09:02,986 [INFO] httpx: HTTP Request: POST http://testserver/api/auth/login "HTTP/1.1 200 OK"
2026-09-09 22:09:02,995 [INFO] httpx: HTTP Request: POST http://testserver/api/athletes "HTTP/1.1 201 Created"
2026-09-09 22:09:03,030 [INFO] httpx: HTTP Request: POST http://testserver/api/predictions "HTTP/1.1 201 Created"
2026-09-09 22:09:03,039 [INFO] httpx: HTTP Request: GET http://testserver/api/predictions/PRED-c5f548c82a99 "HTTP/1.1 200 OK"
2026-09-09 22:09:03,045 [INFO] httpx: HTTP Request: GET http://testserver/api/predictions/PRED-c5f548c82a99 "HTTP/1.1 404 Not Found"
2026-09-09 22:09:03,052 [INFO] httpx: HTTP Request: GET http://testserver/api/predictions "HTTP/1.1 200 OK"
2026-09-09 22:09:03,158 [INFO] httpx: HTTP Request: GET http://testserver/api/dashboard/stats "HTTP/1.1 200 OK"
2026-09-09 22:09:03,200 [INFO] httpx: HTTP Request: GET http://testserver/api/health "HTTP/1.1 200 OK"
2026-09-09 22:11:53,533 [ERROR] asyncio: Exception in callback _ProactorBasePipeTransport._call_connection_lost()
handle: <Handle _ProactorBasePipeTransport._call_connection_lost()>
Traceback (most recent call last):
  File "C:\Users\91822\AppData\Local\Programs\Python\Python313\Lib\asyncio\events.py", line 89, in _run
    self._context.run(self._callback, *self._args)
    ~~~~~~~~~~~~~~~~~^^^^^^^^^^^^^^^^^^^^^^^^^^^^^
  File "C:\Users\91822\AppData\Local\Programs\Python\Python313\Lib\asyncio\proactor_events.py", line 165, in _call_connection_lost
    self._sock.shutdown(socket.SHUT_RDWR)
    ~~~~~~~~~~~~~~~~~~~^^^^^^^^^^^^^^^^^^
ConnectionResetError: [WinError 10054] An existing connection was forcibly closed by the remote host
2026-09-09 22:13:40,558 [INFO] httpx: HTTP Request: POST http://testserver/api/auth/register "HTTP/1.1 201 Created"
2026-09-09 22:13:40,814 [INFO] httpx: HTTP Request: POST http://testserver/api/auth/login "HTTP/1.1 200 OK"
2026-09-09 22:13:40,828 [INFO] httpx: HTTP Request: POST http://testserver/api/athletes "HTTP/1.1 201 Created"
2026-09-09 22:13:40,842 [INFO] httpx: HTTP Request: POST http://testserver/api/athletes/PYTEST-PRED-001/assessments "HTTP/1.1 201 Created"
2026-09-09 22:13:41,349 [INFO] httpx: HTTP Request: POST http://testserver/api/predictions "HTTP/1.1 201 Created"
2026-09-09 22:13:41,386 [INFO] httpx: HTTP Request: POST http://testserver/api/predictions "HTTP/1.1 201 Created"
2026-09-09 22:13:41,395 [INFO] httpx: HTTP Request: GET http://testserver/api/predictions/PRED-c0966e424ee6 "HTTP/1.1 200 OK"
2026-09-09 22:13:41,404 [INFO] httpx: HTTP Request: GET http://testserver/api/athletes/PYTEST-PRED-001/predictions "HTTP/1.1 200 OK"
2026-09-09 22:13:41,415 [INFO] httpx: HTTP Request: POST http://testserver/api/predictions "HTTP/1.1 404 Not Found"
2026-09-09 22:13:41,429 [INFO] httpx: HTTP Request: POST http://testserver/api/athletes "HTTP/1.1 201 Created"
2026-09-09 22:13:41,440 [INFO] httpx: HTTP Request: GET http://testserver/api/athletes/PYTEST-001 "HTTP/1.1 200 OK"
2026-09-09 22:13:41,451 [INFO] httpx: HTTP Request: POST http://testserver/api/athletes "HTTP/1.1 201 Created"
2026-09-09 22:13:41,460 [INFO] httpx: HTTP Request: POST http://testserver/api/athletes "HTTP/1.1 409 Conflict"
2026-09-09 22:13:41,473 [INFO] httpx: HTTP Request: POST http://testserver/api/athletes "HTTP/1.1 201 Created"
2026-09-09 22:13:41,484 [INFO] httpx: HTTP Request: PUT http://testserver/api/athletes/PYTEST-003 "HTTP/1.1 200 OK"
2026-09-09 22:13:41,495 [INFO] httpx: HTTP Request: POST http://testserver/api/athletes "HTTP/1.1 201 Created"
2026-09-09 22:13:41,504 [INFO] httpx: HTTP Request: DELETE http://testserver/api/athletes/PYTEST-004 "HTTP/1.1 204 No Content"
2026-09-09 22:13:41,511 [INFO] httpx: HTTP Request: GET http://testserver/api/athletes/PYTEST-004 "HTTP/1.1 404 Not Found"
2026-09-09 22:13:41,519 [INFO] httpx: HTTP Request: GET http://testserver/api/athletes/PYTEST-DOES-NOT-EXIST "HTTP/1.1 404 Not Found"
2026-09-09 22:13:41,530 [INFO] httpx: HTTP Request: POST http://testserver/api/athletes "HTTP/1.1 422 Unprocessable Entity"
2026-09-09 22:13:41,539 [INFO] httpx: HTTP Request: POST http://testserver/api/athletes "HTTP/1.1 201 Created"
2026-09-09 22:13:41,548 [INFO] httpx: HTTP Request: POST http://testserver/api/athletes "HTTP/1.1 201 Created"
2026-09-09 22:13:41,786 [INFO] httpx: HTTP Request: POST http://testserver/api/auth/register "HTTP/1.1 201 Created"
2026-09-09 22:13:42,052 [INFO] httpx: HTTP Request: POST http://testserver/api/auth/login "HTTP/1.1 200 OK"
2026-09-09 22:13:42,301 [INFO] httpx: HTTP Request: POST http://testserver/api/auth/register "HTTP/1.1 201 Created"
2026-09-09 22:13:42,549 [INFO] httpx: HTTP Request: POST http://testserver/api/auth/login "HTTP/1.1 401 Unauthorized"
2026-09-09 22:13:42,823 [INFO] httpx: HTTP Request: POST http://testserver/api/auth/register "HTTP/1.1 201 Created"
2026-09-09 22:13:42,829 [INFO] httpx: HTTP Request: POST http://testserver/api/auth/register "HTTP/1.1 409 Conflict"
2026-09-09 22:13:42,835 [INFO] httpx: HTTP Request: GET http://testserver/api/auth/me "HTTP/1.1 401 Unauthorized"
2026-09-09 22:13:42,842 [INFO] httpx: HTTP Request: GET http://testserver/api/auth/me "HTTP/1.1 200 OK"
2026-09-09 22:13:43,093 [INFO] httpx: HTTP Request: POST http://testserver/api/auth/register "HTTP/1.1 201 Created"
2026-09-09 22:13:43,099 [INFO] app.services.auth_service: [SIMULATED PASSWORD RESET] username=pytest_forgot link=http://localhost:5173/reset-password?token=WqPgCFsrm6W3h1i3BQeMbFbSz9yvyZPYScGf4PatyqE
2026-09-09 22:13:43,101 [INFO] httpx: HTTP Request: POST http://testserver/api/auth/forgot-password "HTTP/1.1 200 OK"
2026-09-09 22:13:43,361 [INFO] httpx: HTTP Request: POST http://testserver/api/auth/reset-password "HTTP/1.1 200 OK"
2026-09-09 22:13:43,611 [INFO] httpx: HTTP Request: POST http://testserver/api/auth/login "HTTP/1.1 401 Unauthorized"
2026-09-09 22:13:43,882 [INFO] httpx: HTTP Request: POST http://testserver/api/auth/login "HTTP/1.1 200 OK"
2026-09-09 22:13:43,887 [INFO] httpx: HTTP Request: POST http://testserver/api/auth/reset-password "HTTP/1.1 400 Bad Request"
2026-09-09 22:13:43,895 [INFO] httpx: HTTP Request: POST http://testserver/api/auth/forgot-password "HTTP/1.1 200 OK"
2026-09-09 22:13:43,904 [INFO] httpx: HTTP Request: POST http://testserver/api/auth/reset-password "HTTP/1.1 400 Bad Request"
2026-09-09 22:13:44,157 [INFO] httpx: HTTP Request: POST http://testserver/api/auth/register "HTTP/1.1 201 Created"
2026-09-09 22:13:44,422 [INFO] httpx: HTTP Request: POST http://testserver/api/auth/login "HTTP/1.1 200 OK"
2026-09-09 22:13:44,433 [INFO] httpx: HTTP Request: POST http://testserver/api/athletes "HTTP/1.1 201 Created"
2026-09-09 22:13:44,443 [INFO] httpx: HTTP Request: GET http://testserver/api/athletes "HTTP/1.1 200 OK"
2026-09-09 22:13:44,451 [INFO] httpx: HTTP Request: GET http://testserver/api/athletes "HTTP/1.1 200 OK"
2026-09-09 22:13:44,458 [INFO] httpx: HTTP Request: POST http://testserver/api/auth/register "HTTP/1.1 409 Conflict"
2026-09-09 22:13:44,758 [INFO] httpx: HTTP Request: POST http://testserver/api/auth/login "HTTP/1.1 200 OK"
2026-09-09 22:13:44,770 [INFO] httpx: HTTP Request: POST http://testserver/api/athletes "HTTP/1.1 201 Created"
2026-09-09 22:13:44,777 [INFO] httpx: HTTP Request: GET http://testserver/api/athletes/PYTEST-ISO-002 "HTTP/1.1 200 OK"
2026-09-09 22:13:44,784 [INFO] httpx: HTTP Request: GET http://testserver/api/athletes/PYTEST-ISO-002 "HTTP/1.1 404 Not Found"
2026-09-09 22:13:44,793 [INFO] httpx: HTTP Request: POST http://testserver/api/auth/register "HTTP/1.1 409 Conflict"
2026-09-09 22:13:45,072 [INFO] httpx: HTTP Request: POST http://testserver/api/auth/login "HTTP/1.1 200 OK"
2026-09-09 22:13:45,119 [INFO] httpx: HTTP Request: POST http://testserver/api/athletes "HTTP/1.1 201 Created"
2026-09-09 22:13:45,170 [INFO] httpx: HTTP Request: POST http://testserver/api/predictions "HTTP/1.1 201 Created"
2026-09-09 22:13:45,182 [INFO] httpx: HTTP Request: GET http://testserver/api/predictions/PRED-a079574b3be5 "HTTP/1.1 200 OK"
2026-09-09 22:13:45,191 [INFO] httpx: HTTP Request: GET http://testserver/api/predictions/PRED-a079574b3be5 "HTTP/1.1 404 Not Found"
2026-09-09 22:13:45,200 [INFO] httpx: HTTP Request: GET http://testserver/api/predictions "HTTP/1.1 200 OK"
2026-09-09 22:13:45,225 [INFO] httpx: HTTP Request: GET http://testserver/api/dashboard/stats "HTTP/1.1 200 OK"
2026-09-09 22:13:45,270 [INFO] httpx: HTTP Request: GET http://testserver/api/health "HTTP/1.1 200 OK"
2026-09-09 22:35:31,150 [INFO] app.main: Explainable Injury AI API starting up.
2026-09-09 22:35:31,184 [INFO] app.database.mongodb: MongoDB indexes ensured.
2026-09-09 22:35:36,863 [INFO] app.main: Explainable Injury AI API starting up.
2026-09-09 22:35:36,884 [INFO] app.database.mongodb: MongoDB indexes ensured.
2026-09-09 22:36:27,420 [INFO] httpx: HTTP Request: POST http://testserver/api/auth/register "HTTP/1.1 201 Created"
2026-09-09 22:36:27,695 [INFO] httpx: HTTP Request: POST http://testserver/api/auth/login "HTTP/1.1 200 OK"
2026-09-09 22:36:27,721 [INFO] httpx: HTTP Request: POST http://testserver/api/athletes "HTTP/1.1 201 Created"
2026-09-09 22:36:27,742 [INFO] httpx: HTTP Request: POST http://testserver/api/athletes/PYTEST-PRED-001/assessments "HTTP/1.1 201 Created"
2026-09-09 22:36:28,370 [INFO] httpx: HTTP Request: POST http://testserver/api/predictions "HTTP/1.1 201 Created"
2026-09-09 22:36:28,406 [INFO] httpx: HTTP Request: POST http://testserver/api/predictions "HTTP/1.1 201 Created"
2026-09-09 22:36:28,416 [INFO] httpx: HTTP Request: GET http://testserver/api/predictions/PRED-83835bcbaddb "HTTP/1.1 200 OK"
2026-09-09 22:36:28,429 [INFO] httpx: HTTP Request: GET http://testserver/api/athletes/PYTEST-PRED-001/predictions "HTTP/1.1 200 OK"
2026-09-09 22:36:28,438 [INFO] httpx: HTTP Request: POST http://testserver/api/predictions "HTTP/1.1 404 Not Found"
2026-09-09 22:36:28,449 [INFO] httpx: HTTP Request: POST http://testserver/api/athletes "HTTP/1.1 201 Created"
2026-09-09 22:36:28,458 [INFO] httpx: HTTP Request: GET http://testserver/api/athletes/PYTEST-001 "HTTP/1.1 200 OK"
2026-09-09 22:36:28,468 [INFO] httpx: HTTP Request: POST http://testserver/api/athletes "HTTP/1.1 201 Created"
2026-09-09 22:36:28,476 [INFO] httpx: HTTP Request: POST http://testserver/api/athletes "HTTP/1.1 409 Conflict"
2026-09-09 22:36:28,487 [INFO] httpx: HTTP Request: POST http://testserver/api/athletes "HTTP/1.1 201 Created"
2026-09-09 22:36:28,500 [INFO] httpx: HTTP Request: PUT http://testserver/api/athletes/PYTEST-003 "HTTP/1.1 200 OK"
2026-09-09 22:36:28,512 [INFO] httpx: HTTP Request: POST http://testserver/api/athletes "HTTP/1.1 201 Created"
2026-09-09 22:36:28,520 [INFO] httpx: HTTP Request: DELETE http://testserver/api/athletes/PYTEST-004 "HTTP/1.1 204 No Content"
2026-09-09 22:36:28,527 [INFO] httpx: HTTP Request: GET http://testserver/api/athletes/PYTEST-004 "HTTP/1.1 404 Not Found"
2026-09-09 22:36:28,535 [INFO] httpx: HTTP Request: GET http://testserver/api/athletes/PYTEST-DOES-NOT-EXIST "HTTP/1.1 404 Not Found"
2026-09-09 22:36:28,544 [INFO] httpx: HTTP Request: POST http://testserver/api/athletes "HTTP/1.1 422 Unprocessable Entity"
2026-09-09 22:36:28,561 [INFO] httpx: HTTP Request: POST http://testserver/api/athletes "HTTP/1.1 201 Created"
2026-09-09 22:36:28,571 [INFO] httpx: HTTP Request: POST http://testserver/api/athletes "HTTP/1.1 201 Created"
2026-09-09 22:36:28,807 [INFO] httpx: HTTP Request: POST http://testserver/api/auth/register "HTTP/1.1 201 Created"
2026-09-09 22:36:29,062 [INFO] httpx: HTTP Request: POST http://testserver/api/auth/login "HTTP/1.1 200 OK"
2026-09-09 22:36:29,287 [INFO] httpx: HTTP Request: POST http://testserver/api/auth/register "HTTP/1.1 201 Created"
2026-09-09 22:36:29,513 [INFO] httpx: HTTP Request: POST http://testserver/api/auth/login "HTTP/1.1 401 Unauthorized"
2026-09-09 22:36:29,743 [INFO] httpx: HTTP Request: POST http://testserver/api/auth/register "HTTP/1.1 201 Created"
2026-09-09 22:36:29,748 [INFO] httpx: HTTP Request: POST http://testserver/api/auth/register "HTTP/1.1 409 Conflict"
2026-09-09 22:36:29,752 [INFO] httpx: HTTP Request: GET http://testserver/api/auth/me "HTTP/1.1 401 Unauthorized"
2026-09-09 22:36:29,758 [INFO] httpx: HTTP Request: GET http://testserver/api/auth/me "HTTP/1.1 200 OK"
2026-09-09 22:36:29,985 [INFO] httpx: HTTP Request: POST http://testserver/api/auth/register "HTTP/1.1 201 Created"
2026-09-09 22:36:29,993 [INFO] app.services.auth_service: [SIMULATED PASSWORD RESET] username=pytest_forgot link=http://localhost:5173/reset-password?token=sZ8DMNFlYkuIeDLnOeKpMz3wHR-tcsWTZVzYQJdM2_k
2026-09-09 22:36:29,995 [INFO] httpx: HTTP Request: POST http://testserver/api/auth/forgot-password "HTTP/1.1 200 OK"
2026-09-09 22:36:30,224 [INFO] httpx: HTTP Request: POST http://testserver/api/auth/reset-password "HTTP/1.1 200 OK"
2026-09-09 22:36:30,440 [INFO] httpx: HTTP Request: POST http://testserver/api/auth/login "HTTP/1.1 401 Unauthorized"
2026-09-09 22:36:30,662 [INFO] httpx: HTTP Request: POST http://testserver/api/auth/login "HTTP/1.1 200 OK"
2026-09-09 22:36:30,667 [INFO] httpx: HTTP Request: POST http://testserver/api/auth/reset-password "HTTP/1.1 400 Bad Request"
2026-09-09 22:36:30,674 [INFO] httpx: HTTP Request: POST http://testserver/api/auth/forgot-password "HTTP/1.1 200 OK"
2026-09-09 22:36:30,682 [INFO] httpx: HTTP Request: POST http://testserver/api/auth/reset-password "HTTP/1.1 400 Bad Request"
2026-09-09 22:36:30,917 [INFO] httpx: HTTP Request: POST http://testserver/api/auth/register "HTTP/1.1 201 Created"
2026-09-09 22:36:31,152 [INFO] httpx: HTTP Request: POST http://testserver/api/auth/login "HTTP/1.1 200 OK"
2026-09-09 22:36:31,159 [INFO] httpx: HTTP Request: POST http://testserver/api/athletes "HTTP/1.1 201 Created"
2026-09-09 22:36:31,166 [INFO] httpx: HTTP Request: GET http://testserver/api/athletes "HTTP/1.1 200 OK"
2026-09-09 22:36:31,172 [INFO] httpx: HTTP Request: GET http://testserver/api/athletes "HTTP/1.1 200 OK"
2026-09-09 22:36:31,179 [INFO] httpx: HTTP Request: POST http://testserver/api/auth/register "HTTP/1.1 409 Conflict"
2026-09-09 22:36:31,409 [INFO] httpx: HTTP Request: POST http://testserver/api/auth/login "HTTP/1.1 200 OK"
2026-09-09 22:36:31,416 [INFO] httpx: HTTP Request: POST http://testserver/api/athletes "HTTP/1.1 201 Created"
2026-09-09 22:36:31,423 [INFO] httpx: HTTP Request: GET http://testserver/api/athletes/PYTEST-ISO-002 "HTTP/1.1 200 OK"
2026-09-09 22:36:31,429 [INFO] httpx: HTTP Request: GET http://testserver/api/athletes/PYTEST-ISO-002 "HTTP/1.1 404 Not Found"
2026-09-09 22:36:31,435 [INFO] httpx: HTTP Request: POST http://testserver/api/auth/register "HTTP/1.1 409 Conflict"
2026-09-09 22:36:31,660 [INFO] httpx: HTTP Request: POST http://testserver/api/auth/login "HTTP/1.1 200 OK"
2026-09-09 22:36:31,667 [INFO] httpx: HTTP Request: POST http://testserver/api/athletes "HTTP/1.1 201 Created"
2026-09-09 22:36:31,699 [INFO] httpx: HTTP Request: POST http://testserver/api/predictions "HTTP/1.1 201 Created"
2026-09-09 22:36:31,710 [INFO] httpx: HTTP Request: GET http://testserver/api/predictions/PRED-b0a39887d2cd "HTTP/1.1 200 OK"
2026-09-09 22:36:31,717 [INFO] httpx: HTTP Request: GET http://testserver/api/predictions/PRED-b0a39887d2cd "HTTP/1.1 404 Not Found"
2026-09-09 22:36:31,724 [INFO] httpx: HTTP Request: GET http://testserver/api/predictions "HTTP/1.1 200 OK"
2026-09-09 22:36:31,781 [INFO] httpx: HTTP Request: GET http://testserver/api/dashboard/stats "HTTP/1.1 200 OK"
2026-09-09 22:36:31,821 [INFO] httpx: HTTP Request: GET http://testserver/api/health "HTTP/1.1 200 OK"
2026-09-09 22:36:57,233 [INFO] app.main: Explainable Injury AI API starting up.
2026-09-09 22:36:57,258 [INFO] app.database.mongodb: MongoDB indexes ensured.
2026-09-09 22:42:08,423 [INFO] app.ml.hyperparameter_tuning: Best XGBoost params: {'colsample_bytree': np.float64(0.706712405710114), 'gamma': np.float64(4.883074779163264), 'learning_rate': np.float64(0.08809703253046394), 'max_depth': 7, 'min_child_weight': 1, 'n_estimators': 484, 'reg_alpha': np.float64(0.47912378133394484), 'reg_lambda': np.float64(0.2897897441824462), 'subsample': np.float64(0.7957811041110252)} (CV F1=0.3048)
2026-09-09 22:42:11,706 [INFO] app.ml.train_xgboost: Default XGBoost: {'accuracy': 0.3, 'precision': 0.0, 'recall': 0.0, 'f1_score': 0.0, 'specificity': 0.5, 'roc_auc': 0.2917, 'pr_auc': 0.3507}
2026-09-09 22:42:11,706 [INFO] app.ml.train_xgboost: Optimized XGBoost: {'accuracy': 0.4, 'precision': 0.0, 'recall': 0.0, 'f1_score': 0.0, 'specificity': 0.6667, 'roc_auc': 0.1667, 'pr_auc': 0.3152}
2026-09-09 22:42:36,938 [INFO] app.ml.ablation: M1_demographic: {'accuracy': 0.6, 'precision': 0.5, 'recall': 0.5, 'f1_score': 0.5, 'specificity': 0.6667, 'roc_auc': 0.5833, 'pr_auc': 0.6111, 'modality_configuration': 'M1_demographic', 'modalities': 'demographic'}
2026-09-09 22:42:37,269 [INFO] app.ml.ablation: M2_demographic_training: {'accuracy': 0.4, 'precision': 0.3333, 'recall': 0.5, 'f1_score': 0.4, 'specificity': 0.3333, 'roc_auc': 0.5833, 'pr_auc': 0.7049, 'modality_configuration': 'M2_demographic_training', 'modalities': 'demographic+training'}
2026-09-09 22:42:37,568 [INFO] app.ml.ablation: M3_demographic_training_recovery: {'accuracy': 0.3, 'precision': 0.0, 'recall': 0.0, 'f1_score': 0.0, 'specificity': 0.5, 'roc_auc': 0.4167, 'pr_auc': 0.3986, 'modality_configuration': 'M3_demographic_training_recovery', 'modalities': 'demographic+training+recovery'}
2026-09-09 22:42:37,885 [INFO] app.ml.ablation: M4_demographic_training_physiological: {'accuracy': 0.5, 'precision': 0.4, 'recall': 0.5, 'f1_score': 0.4444, 'specificity': 0.5, 'roc_auc': 0.3333, 'pr_auc': 0.3674, 'modality_configuration': 'M4_demographic_training_physiological', 'modalities': 'demographic+training+physiological'}
2026-09-09 22:42:38,204 [INFO] app.ml.ablation: M5_demo_training_physio_recovery_lifestyle: {'accuracy': 0.4, 'precision': 0.0, 'recall': 0.0, 'f1_score': 0.0, 'specificity': 0.6667, 'roc_auc': 0.4167, 'pr_auc': 0.4016, 'modality_configuration': 'M5_demo_training_physio_recovery_lifestyle', 'modalities': 'demographic+training+physiological+recovery+lifestyle'}
2026-09-09 22:42:38,523 [INFO] app.ml.ablation: M6_all_modalities: {'accuracy': 0.3, 'precision': 0.0, 'recall': 0.0, 'f1_score': 0.0, 'specificity': 0.5, 'roc_auc': 0.2917, 'pr_auc': 0.3507, 'modality_configuration': 'M6_all_modalities', 'modalities': 'demographic+training+physiological+recovery+lifestyle+injury_history'}
2026-09-09 22:45:55,399 [INFO] app.ml.hyperparameter_tuning: Best XGBoost params: {'colsample_bytree': np.float64(0.908897907718663), 'gamma': np.float64(0.993578407670862), 'learning_rate': np.float64(0.011049202253484457), 'max_depth': 5, 'min_child_weight': 3, 'n_estimators': 180, 'reg_alpha': np.float64(1.4226839054973), 'reg_lambda': np.float64(1.5803510810624113), 'subsample': np.float64(0.8423839899124046)} (CV F1=0.5862)
2026-09-09 22:45:57,793 [INFO] app.ml.train_xgboost: Default XGBoost: {'accuracy': 0.5875, 'precision': 0.6016, 'recall': 0.5968, 'f1_score': 0.5992, 'specificity': 0.5776, 'roc_auc': 0.5998, 'pr_auc': 0.5867}
2026-09-09 22:45:57,794 [INFO] app.ml.train_xgboost: Optimized XGBoost: {'accuracy': 0.5667, 'precision': 0.5794, 'recall': 0.5887, 'f1_score': 0.584, 'specificity': 0.5431, 'roc_auc': 0.6145, 'pr_auc': 0.6245}
2026-09-09 22:46:01,877 [INFO] app.ml.ablation: M1_demographic: {'accuracy': 0.5125, 'precision': 0.5271, 'recall': 0.5484, 'f1_score': 0.5375, 'specificity': 0.4741, 'roc_auc': 0.5162, 'pr_auc': 0.5423, 'modality_configuration': 'M1_demographic', 'modalities': 'demographic'}
2026-09-09 22:46:02,486 [INFO] app.ml.ablation: M2_demographic_training: {'accuracy': 0.5458, 'precision': 0.5524, 'recall': 0.6371, 'f1_score': 0.5918, 'specificity': 0.4483, 'roc_auc': 0.5469, 'pr_auc': 0.5561, 'modality_configuration': 'M2_demographic_training', 'modalities': 'demographic+training'}
2026-09-09 22:46:03,096 [INFO] app.ml.ablation: M3_demographic_training_recovery: {'accuracy': 0.5375, 'precision': 0.5496, 'recall': 0.5806, 'f1_score': 0.5647, 'specificity': 0.4914, 'roc_auc': 0.5418, 'pr_auc': 0.5524, 'modality_configuration': 'M3_demographic_training_recovery', 'modalities': 'demographic+training+recovery'}
2026-09-09 22:46:03,746 [INFO] app.ml.ablation: M4_demographic_training_physiological: {'accuracy': 0.4917, 'precision': 0.5076, 'recall': 0.5403, 'f1_score': 0.5234, 'specificity': 0.4397, 'roc_auc': 0.496, 'pr_auc': 0.5251, 'modality_configuration': 'M4_demographic_training_physiological', 'modalities': 'demographic+training+physiological'}
2026-09-09 22:46:04,423 [INFO] app.ml.ablation: M5_demo_training_physio_recovery_lifestyle: {'accuracy': 0.5583, 'precision': 0.5703, 'recall': 0.5887, 'f1_score': 0.5794, 'specificity': 0.5259, 'roc_auc': 0.5683, 'pr_auc': 0.5469, 'modality_configuration': 'M5_demo_training_physio_recovery_lifestyle', 'modalities': 'demographic+training+physiological+recovery+lifestyle'}
2026-09-09 22:46:05,153 [INFO] app.ml.ablation: M6_all_modalities: {'accuracy': 0.5875, 'precision': 0.6016, 'recall': 0.5968, 'f1_score': 0.5992, 'specificity': 0.5776, 'roc_auc': 0.5998, 'pr_auc': 0.5867, 'modality_configuration': 'M6_all_modalities', 'modalities': 'demographic+training+physiological+recovery+lifestyle+injury_history'}
2026-09-09 22:53:15,025 [INFO] app.main: Explainable Injury AI API starting up.
2026-09-09 22:53:15,062 [INFO] app.database.mongodb: MongoDB indexes ensured.
2026-09-09 22:53:20,246 [INFO] app.main: Explainable Injury AI API starting up.
2026-09-09 22:53:20,277 [INFO] app.database.mongodb: MongoDB indexes ensured.
2026-09-09 22:53:54,592 [INFO] app.main: Explainable Injury AI API starting up.
2026-09-09 22:53:54,605 [INFO] app.database.mongodb: MongoDB indexes ensured.
2026-09-09 22:54:05,563 [INFO] app.main: Explainable Injury AI API starting up.
2026-09-09 22:54:05,576 [INFO] app.database.mongodb: MongoDB indexes ensured.
2026-09-09 22:55:25,667 [INFO] httpx: HTTP Request: POST http://testserver/api/auth/register "HTTP/1.1 201 Created"
2026-09-09 22:55:25,922 [INFO] httpx: HTTP Request: POST http://testserver/api/auth/login "HTTP/1.1 200 OK"
2026-09-09 22:55:25,944 [INFO] httpx: HTTP Request: POST http://testserver/api/athletes "HTTP/1.1 201 Created"
2026-09-09 22:55:25,956 [INFO] httpx: HTTP Request: POST http://testserver/api/athletes/PYTEST-PRED-001/assessments "HTTP/1.1 201 Created"
2026-09-09 22:55:26,336 [INFO] httpx: HTTP Request: POST http://testserver/api/predictions "HTTP/1.1 201 Created"
2026-09-09 22:55:26,366 [INFO] httpx: HTTP Request: POST http://testserver/api/predictions "HTTP/1.1 201 Created"
2026-09-09 22:55:26,373 [INFO] httpx: HTTP Request: GET http://testserver/api/predictions/PRED-29a27ed782af "HTTP/1.1 200 OK"
2026-09-09 22:55:26,385 [INFO] httpx: HTTP Request: GET http://testserver/api/athletes/PYTEST-PRED-001/predictions "HTTP/1.1 200 OK"
2026-09-09 22:55:26,395 [INFO] httpx: HTTP Request: POST http://testserver/api/predictions "HTTP/1.1 404 Not Found"
2026-09-09 22:55:26,406 [INFO] httpx: HTTP Request: POST http://testserver/api/athletes "HTTP/1.1 201 Created"
2026-09-09 22:55:26,413 [INFO] httpx: HTTP Request: GET http://testserver/api/athletes/PYTEST-001 "HTTP/1.1 200 OK"
2026-09-09 22:55:26,422 [INFO] httpx: HTTP Request: POST http://testserver/api/athletes "HTTP/1.1 201 Created"
2026-09-09 22:55:26,430 [INFO] httpx: HTTP Request: POST http://testserver/api/athletes "HTTP/1.1 409 Conflict"
2026-09-09 22:55:26,439 [INFO] httpx: HTTP Request: POST http://testserver/api/athletes "HTTP/1.1 201 Created"
2026-09-09 22:55:26,454 [INFO] httpx: HTTP Request: PUT http://testserver/api/athletes/PYTEST-003 "HTTP/1.1 200 OK"
2026-09-09 22:55:26,464 [INFO] httpx: HTTP Request: POST http://testserver/api/athletes "HTTP/1.1 201 Created"
2026-09-09 22:55:26,476 [INFO] httpx: HTTP Request: DELETE http://testserver/api/athletes/PYTEST-004 "HTTP/1.1 204 No Content"
2026-09-09 22:55:26,482 [INFO] httpx: HTTP Request: GET http://testserver/api/athletes/PYTEST-004 "HTTP/1.1 404 Not Found"
2026-09-09 22:55:26,489 [INFO] httpx: HTTP Request: GET http://testserver/api/athletes/PYTEST-DOES-NOT-EXIST "HTTP/1.1 404 Not Found"
2026-09-09 22:55:26,497 [INFO] httpx: HTTP Request: POST http://testserver/api/athletes "HTTP/1.1 422 Unprocessable Entity"
2026-09-09 22:55:26,514 [INFO] httpx: HTTP Request: POST http://testserver/api/athletes "HTTP/1.1 201 Created"
2026-09-09 22:55:26,522 [INFO] httpx: HTTP Request: POST http://testserver/api/athletes "HTTP/1.1 201 Created"
2026-09-09 22:55:26,763 [INFO] httpx: HTTP Request: POST http://testserver/api/auth/register "HTTP/1.1 201 Created"
2026-09-09 22:55:26,990 [INFO] httpx: HTTP Request: POST http://testserver/api/auth/login "HTTP/1.1 200 OK"
2026-09-09 22:55:27,227 [INFO] httpx: HTTP Request: POST http://testserver/api/auth/register "HTTP/1.1 201 Created"
2026-09-09 22:55:27,481 [INFO] httpx: HTTP Request: POST http://testserver/api/auth/login "HTTP/1.1 401 Unauthorized"
2026-09-09 22:55:27,733 [INFO] httpx: HTTP Request: POST http://testserver/api/auth/register "HTTP/1.1 201 Created"
2026-09-09 22:55:27,739 [INFO] httpx: HTTP Request: POST http://testserver/api/auth/register "HTTP/1.1 409 Conflict"
2026-09-09 22:55:27,744 [INFO] httpx: HTTP Request: GET http://testserver/api/auth/me "HTTP/1.1 401 Unauthorized"
2026-09-09 22:55:27,752 [INFO] httpx: HTTP Request: GET http://testserver/api/auth/me "HTTP/1.1 200 OK"
2026-09-09 22:55:27,992 [INFO] httpx: HTTP Request: POST http://testserver/api/auth/register "HTTP/1.1 201 Created"
2026-09-09 22:55:27,997 [INFO] app.services.auth_service: [SIMULATED PASSWORD RESET] username=pytest_forgot link=http://localhost:5173/reset-password?token=wWZASbvZ7zI4MqXUPoCVxQcQ84yR5EXtIHgonvfSMY0
2026-09-09 22:55:27,999 [INFO] httpx: HTTP Request: POST http://testserver/api/auth/forgot-password "HTTP/1.1 200 OK"
2026-09-09 22:55:28,220 [INFO] httpx: HTTP Request: POST http://testserver/api/auth/reset-password "HTTP/1.1 200 OK"
2026-09-09 22:55:28,439 [INFO] httpx: HTTP Request: POST http://testserver/api/auth/login "HTTP/1.1 401 Unauthorized"
2026-09-09 22:55:28,665 [INFO] httpx: HTTP Request: POST http://testserver/api/auth/login "HTTP/1.1 200 OK"
2026-09-09 22:55:28,669 [INFO] httpx: HTTP Request: POST http://testserver/api/auth/reset-password "HTTP/1.1 400 Bad Request"
2026-09-09 22:55:28,675 [INFO] httpx: HTTP Request: POST http://testserver/api/auth/forgot-password "HTTP/1.1 200 OK"
2026-09-09 22:55:28,681 [INFO] httpx: HTTP Request: POST http://testserver/api/auth/reset-password "HTTP/1.1 400 Bad Request"
2026-09-09 22:55:28,906 [INFO] httpx: HTTP Request: POST http://testserver/api/auth/register "HTTP/1.1 201 Created"
2026-09-09 22:55:29,140 [INFO] httpx: HTTP Request: POST http://testserver/api/auth/login "HTTP/1.1 200 OK"
2026-09-09 22:55:29,155 [INFO] httpx: HTTP Request: POST http://testserver/api/athletes "HTTP/1.1 201 Created"
2026-09-09 22:55:29,165 [INFO] httpx: HTTP Request: GET http://testserver/api/athletes "HTTP/1.1 200 OK"
2026-09-09 22:55:29,173 [INFO] httpx: HTTP Request: GET http://testserver/api/athletes "HTTP/1.1 200 OK"
2026-09-09 22:55:29,180 [INFO] httpx: HTTP Request: POST http://testserver/api/auth/register "HTTP/1.1 409 Conflict"
2026-09-09 22:55:29,450 [INFO] httpx: HTTP Request: POST http://testserver/api/auth/login "HTTP/1.1 200 OK"
2026-09-09 22:55:29,459 [INFO] httpx: HTTP Request: POST http://testserver/api/athletes "HTTP/1.1 201 Created"
2026-09-09 22:55:29,469 [INFO] httpx: HTTP Request: GET http://testserver/api/athletes/PYTEST-ISO-002 "HTTP/1.1 200 OK"
2026-09-09 22:55:29,478 [INFO] httpx: HTTP Request: GET http://testserver/api/athletes/PYTEST-ISO-002 "HTTP/1.1 404 Not Found"
2026-09-09 22:55:29,486 [INFO] httpx: HTTP Request: POST http://testserver/api/auth/register "HTTP/1.1 409 Conflict"
2026-09-09 22:55:29,748 [INFO] httpx: HTTP Request: POST http://testserver/api/auth/login "HTTP/1.1 200 OK"
2026-09-09 22:55:29,757 [INFO] httpx: HTTP Request: POST http://testserver/api/athletes "HTTP/1.1 201 Created"
2026-09-09 22:55:29,795 [INFO] httpx: HTTP Request: POST http://testserver/api/predictions "HTTP/1.1 201 Created"
2026-09-09 22:55:29,805 [INFO] httpx: HTTP Request: GET http://testserver/api/predictions/PRED-9dd2b0f90780 "HTTP/1.1 200 OK"
2026-09-09 22:55:29,812 [INFO] httpx: HTTP Request: GET http://testserver/api/predictions/PRED-9dd2b0f90780 "HTTP/1.1 404 Not Found"
2026-09-09 22:55:29,819 [INFO] httpx: HTTP Request: GET http://testserver/api/predictions "HTTP/1.1 200 OK"
2026-09-09 22:55:29,841 [INFO] httpx: HTTP Request: GET http://testserver/api/dashboard/stats "HTTP/1.1 200 OK"
2026-09-09 22:55:29,886 [INFO] httpx: HTTP Request: GET http://testserver/api/health "HTTP/1.1 200 OK"
2026-09-09 22:55:56,735 [INFO] app.main: Explainable Injury AI API starting up.
2026-09-09 22:55:56,756 [INFO] app.database.mongodb: MongoDB indexes ensured.
2026-09-09 22:56:28,081 [INFO] app.ml.hyperparameter_tuning: Best XGBoost params: {'colsample_bytree': np.float64(0.749816047538945), 'gamma': np.float64(4.75357153204958), 'learning_rate': np.float64(0.14907884894416698), 'max_depth': 7, 'min_child_weight': 5, 'n_estimators': 202, 'reg_alpha': np.float64(0.8916655057071823), 'reg_lambda': np.float64(0.19994983163600577), 'subsample': np.float64(0.7836995567863468)} (CV F1=0.5855)
2026-09-09 22:56:28,659 [INFO] app.ml.train_xgboost: Default XGBoost: {'accuracy': 0.5875, 'precision': 0.6016, 'recall': 0.5968, 'f1_score': 0.5992, 'specificity': 0.5776, 'roc_auc': 0.5998, 'pr_auc': 0.5867}
2026-09-09 22:56:28,659 [INFO] app.ml.train_xgboost: Optimized XGBoost: {'accuracy': 0.5875, 'precision': 0.5912, 'recall': 0.6532, 'f1_score': 0.6207, 'specificity': 0.5172, 'roc_auc': 0.6063, 'pr_auc': 0.6038}
2026-09-09 22:58:17,885 [INFO] httpx: HTTP Request: POST http://testserver/api/auth/register "HTTP/1.1 201 Created"
2026-09-09 22:58:18,160 [INFO] httpx: HTTP Request: POST http://testserver/api/auth/login "HTTP/1.1 200 OK"
2026-09-09 22:58:18,202 [INFO] httpx: HTTP Request: POST http://testserver/api/athletes "HTTP/1.1 201 Created"
2026-09-09 22:58:18,225 [INFO] httpx: HTTP Request: POST http://testserver/api/athletes/PYTEST-PRED-001/assessments "HTTP/1.1 201 Created"
2026-09-09 22:58:18,635 [INFO] httpx: HTTP Request: POST http://testserver/api/predictions "HTTP/1.1 201 Created"
2026-09-09 22:58:18,662 [INFO] httpx: HTTP Request: POST http://testserver/api/predictions "HTTP/1.1 201 Created"
2026-09-09 22:58:18,670 [INFO] httpx: HTTP Request: GET http://testserver/api/predictions/PRED-149e19a1a831 "HTTP/1.1 200 OK"
2026-09-09 22:58:18,684 [INFO] httpx: HTTP Request: GET http://testserver/api/athletes/PYTEST-PRED-001/predictions "HTTP/1.1 200 OK"
2026-09-09 22:58:18,694 [INFO] httpx: HTTP Request: POST http://testserver/api/predictions "HTTP/1.1 404 Not Found"
2026-09-09 22:58:18,706 [INFO] httpx: HTTP Request: POST http://testserver/api/athletes "HTTP/1.1 201 Created"
2026-09-09 22:58:18,713 [INFO] httpx: HTTP Request: GET http://testserver/api/athletes/PYTEST-001 "HTTP/1.1 200 OK"
2026-09-09 22:58:18,723 [INFO] httpx: HTTP Request: POST http://testserver/api/athletes "HTTP/1.1 201 Created"
2026-09-09 22:58:18,730 [INFO] httpx: HTTP Request: POST http://testserver/api/athletes "HTTP/1.1 409 Conflict"
2026-09-09 22:58:18,740 [INFO] httpx: HTTP Request: POST http://testserver/api/athletes "HTTP/1.1 201 Created"
2026-09-09 22:58:18,765 [INFO] httpx: HTTP Request: PUT http://testserver/api/athletes/PYTEST-003 "HTTP/1.1 200 OK"
2026-09-09 22:58:18,774 [INFO] httpx: HTTP Request: POST http://testserver/api/athletes "HTTP/1.1 201 Created"
2026-09-09 22:58:18,783 [INFO] httpx: HTTP Request: DELETE http://testserver/api/athletes/PYTEST-004 "HTTP/1.1 204 No Content"
2026-09-09 22:58:18,810 [INFO] httpx: HTTP Request: GET http://testserver/api/athletes/PYTEST-004 "HTTP/1.1 404 Not Found"
2026-09-09 22:58:18,829 [INFO] httpx: HTTP Request: GET http://testserver/api/athletes/PYTEST-DOES-NOT-EXIST "HTTP/1.1 404 Not Found"
2026-09-09 22:58:18,840 [INFO] httpx: HTTP Request: POST http://testserver/api/athletes "HTTP/1.1 422 Unprocessable Entity"
2026-09-09 22:58:18,862 [INFO] httpx: HTTP Request: POST http://testserver/api/athletes "HTTP/1.1 201 Created"
2026-09-09 22:58:18,871 [INFO] httpx: HTTP Request: POST http://testserver/api/athletes "HTTP/1.1 201 Created"
2026-09-09 22:58:19,115 [INFO] httpx: HTTP Request: POST http://testserver/api/auth/register "HTTP/1.1 201 Created"
2026-09-09 22:58:19,351 [INFO] httpx: HTTP Request: POST http://testserver/api/auth/login "HTTP/1.1 200 OK"
2026-09-09 22:58:19,601 [INFO] httpx: HTTP Request: POST http://testserver/api/auth/register "HTTP/1.1 201 Created"
2026-09-09 22:58:19,861 [INFO] httpx: HTTP Request: POST http://testserver/api/auth/login "HTTP/1.1 401 Unauthorized"
2026-09-09 22:58:20,112 [INFO] httpx: HTTP Request: POST http://testserver/api/auth/register "HTTP/1.1 201 Created"
2026-09-09 22:58:20,118 [INFO] httpx: HTTP Request: POST http://testserver/api/auth/register "HTTP/1.1 409 Conflict"
2026-09-09 22:58:20,122 [INFO] httpx: HTTP Request: GET http://testserver/api/auth/me "HTTP/1.1 401 Unauthorized"
2026-09-09 22:58:20,129 [INFO] httpx: HTTP Request: GET http://testserver/api/auth/me "HTTP/1.1 200 OK"
2026-09-09 22:58:20,383 [INFO] httpx: HTTP Request: POST http://testserver/api/auth/register "HTTP/1.1 201 Created"
2026-09-09 22:58:20,389 [INFO] app.services.auth_service: [SIMULATED PASSWORD RESET] username=pytest_forgot link=http://localhost:5173/reset-password?token=k2ty8tENy_tVr9hT6aNwR5SX_Fx__Xy4q3TrEXlbza4
2026-09-09 22:58:20,392 [INFO] httpx: HTTP Request: POST http://testserver/api/auth/forgot-password "HTTP/1.1 200 OK"
2026-09-09 22:58:20,634 [INFO] httpx: HTTP Request: POST http://testserver/api/auth/reset-password "HTTP/1.1 200 OK"
2026-09-09 22:58:20,848 [INFO] httpx: HTTP Request: POST http://testserver/api/auth/login "HTTP/1.1 401 Unauthorized"
2026-09-09 22:58:21,079 [INFO] httpx: HTTP Request: POST http://testserver/api/auth/login "HTTP/1.1 200 OK"
2026-09-09 22:58:21,084 [INFO] httpx: HTTP Request: POST http://testserver/api/auth/reset-password "HTTP/1.1 400 Bad Request"
2026-09-09 22:58:21,090 [INFO] httpx: HTTP Request: POST http://testserver/api/auth/forgot-password "HTTP/1.1 200 OK"
2026-09-09 22:58:21,097 [INFO] httpx: HTTP Request: POST http://testserver/api/auth/reset-password "HTTP/1.1 400 Bad Request"
2026-09-09 22:58:21,321 [INFO] httpx: HTTP Request: POST http://testserver/api/auth/register "HTTP/1.1 201 Created"
2026-09-09 22:58:21,539 [INFO] httpx: HTTP Request: POST http://testserver/api/auth/login "HTTP/1.1 200 OK"
2026-09-09 22:58:21,547 [INFO] httpx: HTTP Request: POST http://testserver/api/athletes "HTTP/1.1 201 Created"
2026-09-09 22:58:21,562 [INFO] httpx: HTTP Request: GET http://testserver/api/athletes "HTTP/1.1 200 OK"
2026-09-09 22:58:21,567 [INFO] httpx: HTTP Request: GET http://testserver/api/athletes "HTTP/1.1 200 OK"
2026-09-09 22:58:21,573 [INFO] httpx: HTTP Request: POST http://testserver/api/auth/register "HTTP/1.1 409 Conflict"
2026-09-09 22:58:21,802 [INFO] httpx: HTTP Request: POST http://testserver/api/auth/login "HTTP/1.1 200 OK"
2026-09-09 22:58:21,810 [INFO] httpx: HTTP Request: POST http://testserver/api/athletes "HTTP/1.1 201 Created"
2026-09-09 22:58:21,816 [INFO] httpx: HTTP Request: GET http://testserver/api/athletes/PYTEST-ISO-002 "HTTP/1.1 200 OK"
2026-09-09 22:58:21,822 [INFO] httpx: HTTP Request: GET http://testserver/api/athletes/PYTEST-ISO-002 "HTTP/1.1 404 Not Found"
2026-09-09 22:58:21,828 [INFO] httpx: HTTP Request: POST http://testserver/api/auth/register "HTTP/1.1 409 Conflict"
2026-09-09 22:58:22,051 [INFO] httpx: HTTP Request: POST http://testserver/api/auth/login "HTTP/1.1 200 OK"
2026-09-09 22:58:22,059 [INFO] httpx: HTTP Request: POST http://testserver/api/athletes "HTTP/1.1 201 Created"
2026-09-09 22:58:22,090 [INFO] httpx: HTTP Request: POST http://testserver/api/predictions "HTTP/1.1 201 Created"
2026-09-09 22:58:22,098 [INFO] httpx: HTTP Request: GET http://testserver/api/predictions/PRED-ac8c712b4a30 "HTTP/1.1 200 OK"
2026-09-09 22:58:22,104 [INFO] httpx: HTTP Request: GET http://testserver/api/predictions/PRED-ac8c712b4a30 "HTTP/1.1 404 Not Found"
2026-09-09 22:58:22,110 [INFO] httpx: HTTP Request: GET http://testserver/api/predictions "HTTP/1.1 200 OK"
2026-09-09 22:58:22,199 [INFO] httpx: HTTP Request: GET http://testserver/api/dashboard/stats "HTTP/1.1 200 OK"
2026-09-09 22:58:22,232 [INFO] httpx: HTTP Request: GET http://testserver/api/health "HTTP/1.1 200 OK"
2026-09-09 22:59:46,797 [INFO] app.ml.hyperparameter_tuning: Best XGBoost params: {'colsample_bytree': np.float64(0.706712405710114), 'gamma': np.float64(4.883074779163264), 'learning_rate': np.float64(0.08809703253046394), 'max_depth': 7, 'min_child_weight': 1, 'n_estimators': 484, 'reg_alpha': np.float64(0.47912378133394484), 'reg_lambda': np.float64(0.2897897441824462), 'subsample': np.float64(0.7957811041110252)} (CV F1=0.3048)
2026-09-09 22:59:49,981 [INFO] app.ml.train_xgboost: Default XGBoost: {'accuracy': 0.3, 'precision': 0.0, 'recall': 0.0, 'f1_score': 0.0, 'specificity': 0.5, 'roc_auc': 0.2917, 'pr_auc': 0.3507}
2026-09-09 22:59:49,981 [INFO] app.ml.train_xgboost: Optimized XGBoost: {'accuracy': 0.4, 'precision': 0.0, 'recall': 0.0, 'f1_score': 0.0, 'specificity': 0.6667, 'roc_auc': 0.1667, 'pr_auc': 0.3152}
2026-09-09 22:59:56,251 [INFO] app.ml.ablation: M1_demographic: {'accuracy': 0.6, 'precision': 0.5, 'recall': 0.5, 'f1_score': 0.5, 'specificity': 0.6667, 'roc_auc': 0.5833, 'pr_auc': 0.6111, 'modality_configuration': 'M1_demographic', 'modalities': 'demographic'}
2026-09-09 22:59:56,581 [INFO] app.ml.ablation: M2_demographic_training: {'accuracy': 0.4, 'precision': 0.3333, 'recall': 0.5, 'f1_score': 0.4, 'specificity': 0.3333, 'roc_auc': 0.5833, 'pr_auc': 0.7049, 'modality_configuration': 'M2_demographic_training', 'modalities': 'demographic+training'}
2026-09-09 22:59:56,894 [INFO] app.ml.ablation: M3_demographic_training_recovery: {'accuracy': 0.3, 'precision': 0.0, 'recall': 0.0, 'f1_score': 0.0, 'specificity': 0.5, 'roc_auc': 0.4167, 'pr_auc': 0.3986, 'modality_configuration': 'M3_demographic_training_recovery', 'modalities': 'demographic+training+recovery'}
2026-09-09 22:59:57,217 [INFO] app.ml.ablation: M4_demographic_training_physiological: {'accuracy': 0.5, 'precision': 0.4, 'recall': 0.5, 'f1_score': 0.4444, 'specificity': 0.5, 'roc_auc': 0.3333, 'pr_auc': 0.3674, 'modality_configuration': 'M4_demographic_training_physiological', 'modalities': 'demographic+training+physiological'}
2026-09-09 22:59:57,524 [INFO] app.ml.ablation: M5_demo_training_physio_recovery_lifestyle: {'accuracy': 0.4, 'precision': 0.0, 'recall': 0.0, 'f1_score': 0.0, 'specificity': 0.6667, 'roc_auc': 0.4167, 'pr_auc': 0.4016, 'modality_configuration': 'M5_demo_training_physio_recovery_lifestyle', 'modalities': 'demographic+training+physiological+recovery+lifestyle'}
2026-09-09 22:59:57,841 [INFO] app.ml.ablation: M6_all_modalities: {'accuracy': 0.3, 'precision': 0.0, 'recall': 0.0, 'f1_score': 0.0, 'specificity': 0.5, 'roc_auc': 0.2917, 'pr_auc': 0.3507, 'modality_configuration': 'M6_all_modalities', 'modalities': 'demographic+training+physiological+recovery+lifestyle+injury_history'}
2026-09-09 23:00:17,250 [INFO] app.ml.hyperparameter_tuning: Best XGBoost params: {'colsample_bytree': np.float64(0.908897907718663), 'gamma': np.float64(0.993578407670862), 'learning_rate': np.float64(0.011049202253484457), 'max_depth': 5, 'min_child_weight': 3, 'n_estimators': 180, 'reg_alpha': np.float64(1.4226839054973), 'reg_lambda': np.float64(1.5803510810624113), 'subsample': np.float64(0.8423839899124046)} (CV F1=0.5862)
2026-09-09 23:00:19,532 [INFO] app.ml.train_xgboost: Default XGBoost: {'accuracy': 0.5875, 'precision': 0.6016, 'recall': 0.5968, 'f1_score': 0.5992, 'specificity': 0.5776, 'roc_auc': 0.5998, 'pr_auc': 0.5867}
2026-09-09 23:00:19,533 [INFO] app.ml.train_xgboost: Optimized XGBoost: {'accuracy': 0.5667, 'precision': 0.5794, 'recall': 0.5887, 'f1_score': 0.584, 'specificity': 0.5431, 'roc_auc': 0.6145, 'pr_auc': 0.6245}
2026-09-10 10:06:19,069 [INFO] app.main: Explainable Injury AI API starting up.
2026-09-10 10:06:19,869 [INFO] app.database.mongodb: MongoDB indexes ensured.
2026-09-10 11:15:23,805 [INFO] app.main: Explainable Injury AI API starting up.
2026-09-10 11:15:25,100 [INFO] app.database.mongodb: MongoDB indexes ensured.
2026-09-10 11:16:02,936 [INFO] app.main: Explainable Injury AI API starting up.
2026-09-10 11:16:04,035 [INFO] app.database.mongodb: MongoDB indexes ensured.
2026-09-10 11:16:09,047 [INFO] app.main: Explainable Injury AI API starting up.
2026-09-10 11:16:10,370 [INFO] app.database.mongodb: MongoDB indexes ensured.
2026-09-10 11:16:22,693 [INFO] app.main: Explainable Injury AI API starting up.
2026-09-10 11:16:23,672 [INFO] app.database.mongodb: MongoDB indexes ensured.
2026-09-10 11:16:31,778 [INFO] app.main: Explainable Injury AI API starting up.
2026-09-10 11:16:33,414 [INFO] app.database.mongodb: MongoDB indexes ensured.
2026-09-10 11:16:37,500 [INFO] app.main: Explainable Injury AI API starting up.
2026-09-10 11:16:39,387 [INFO] app.database.mongodb: MongoDB indexes ensured.
2026-09-10 11:16:43,789 [INFO] app.main: Explainable Injury AI API starting up.
2026-09-10 11:16:44,798 [INFO] app.database.mongodb: MongoDB indexes ensured.
2026-09-10 11:16:48,874 [INFO] app.main: Explainable Injury AI API starting up.
2026-09-10 11:16:49,893 [INFO] app.database.mongodb: MongoDB indexes ensured.
2026-09-10 11:16:54,064 [INFO] app.main: Explainable Injury AI API starting up.
2026-09-10 11:16:55,095 [INFO] app.database.mongodb: MongoDB indexes ensured.
2026-09-10 11:16:59,167 [INFO] app.main: Explainable Injury AI API starting up.
2026-09-10 11:17:00,427 [INFO] app.database.mongodb: MongoDB indexes ensured.
2026-09-10 11:17:04,401 [INFO] app.main: Explainable Injury AI API starting up.
2026-09-10 11:17:05,430 [INFO] app.database.mongodb: MongoDB indexes ensured.
2026-09-10 11:17:24,670 [INFO] app.main: Explainable Injury AI API starting up.
2026-09-10 11:17:25,688 [INFO] app.database.mongodb: MongoDB indexes ensured.
2026-09-10 11:17:38,302 [INFO] app.main: Explainable Injury AI API starting up.
2026-09-10 11:17:39,376 [INFO] app.database.mongodb: MongoDB indexes ensured.
2026-09-10 11:17:47,032 [INFO] app.main: Explainable Injury AI API starting up.
2026-09-10 11:17:48,096 [INFO] app.database.mongodb: MongoDB indexes ensured.
2026-09-10 11:18:53,862 [INFO] app.main: Explainable Injury AI API starting up.
2026-09-10 11:18:54,843 [INFO] app.database.mongodb: MongoDB indexes ensured.
2026-09-10 11:19:33,171 [INFO] app.main: Explainable Injury AI API starting up.
2026-09-10 11:19:34,059 [INFO] app.database.mongodb: MongoDB indexes ensured.
2026-09-10 11:19:48,465 [INFO] app.main: Explainable Injury AI API starting up.
2026-09-10 11:19:49,280 [INFO] app.database.mongodb: MongoDB indexes ensured.
2026-09-10 11:20:03,814 [INFO] app.main: Explainable Injury AI API starting up.
2026-09-10 11:20:04,870 [INFO] app.database.mongodb: MongoDB indexes ensured.
2026-09-10 12:12:17,513 [INFO] app.main: Explainable Injury AI API starting up.
2026-09-10 12:12:18,163 [INFO] app.database.mongodb: MongoDB indexes ensured.
2026-09-10 12:12:25,367 [INFO] app.main: Explainable Injury AI API starting up.
2026-09-10 12:12:25,965 [INFO] app.database.mongodb: MongoDB indexes ensured.
2026-09-10 12:18:32,248 [INFO] app.main: Explainable Injury AI API starting up.
2026-09-10 12:18:33,441 [INFO] app.database.mongodb: MongoDB indexes ensured.
2026-09-10 12:18:44,476 [INFO] app.main: Explainable Injury AI API starting up.
2026-09-10 12:18:45,117 [INFO] app.database.mongodb: MongoDB indexes ensured.
2026-09-10 12:18:53,019 [INFO] app.main: Explainable Injury AI API starting up.
2026-09-10 12:18:53,658 [INFO] app.database.mongodb: MongoDB indexes ensured.
2026-09-10 12:19:05,666 [INFO] app.main: Explainable Injury AI API starting up.
2026-09-10 12:19:06,289 [INFO] app.database.mongodb: MongoDB indexes ensured.
2026-09-10 12:20:18,479 [INFO] app.main: Explainable Injury AI API starting up.
2026-09-10 12:20:20,269 [INFO] app.database.mongodb: MongoDB indexes ensured.
2026-09-10 12:21:37,549 [INFO] app.main: Explainable Injury AI API starting up.
2026-09-10 12:21:39,653 [INFO] app.database.mongodb: MongoDB indexes ensured.
2026-09-10 12:21:50,571 [INFO] app.main: Explainable Injury AI API starting up.
2026-09-10 12:21:52,319 [INFO] app.database.mongodb: MongoDB indexes ensured.
2026-09-10 12:23:41,790 [INFO] httpx: HTTP Request: POST http://testserver/api/auth/register "HTTP/1.1 201 Created"
2026-09-10 12:23:42,298 [INFO] httpx: HTTP Request: POST http://testserver/api/auth/login "HTTP/1.1 200 OK"
2026-09-10 12:23:42,991 [INFO] httpx: HTTP Request: POST http://testserver/api/athletes "HTTP/1.1 201 Created"
2026-09-10 12:23:43,271 [INFO] httpx: HTTP Request: POST http://testserver/api/athletes/PYTEST-PRED-001/assessments "HTTP/1.1 201 Created"
2026-09-10 12:23:44,760 [INFO] httpx: HTTP Request: POST http://testserver/api/predictions "HTTP/1.1 201 Created"
2026-09-10 12:23:45,741 [INFO] httpx: HTTP Request: POST http://testserver/api/predictions "HTTP/1.1 201 Created"
2026-09-10 12:23:46,122 [INFO] httpx: HTTP Request: GET http://testserver/api/predictions/PRED-4192f120dd78 "HTTP/1.1 200 OK"
2026-09-10 12:23:46,503 [INFO] httpx: HTTP Request: GET http://testserver/api/athletes/PYTEST-PRED-001/predictions "HTTP/1.1 200 OK"
2026-09-10 12:23:46,900 [INFO] httpx: HTTP Request: POST http://testserver/api/predictions "HTTP/1.1 404 Not Found"
2026-09-10 12:23:47,645 [INFO] httpx: HTTP Request: POST http://testserver/api/athletes "HTTP/1.1 201 Created"
2026-09-10 12:23:48,042 [INFO] httpx: HTTP Request: GET http://testserver/api/athletes/PYTEST-001 "HTTP/1.1 200 OK"
2026-09-10 12:23:48,839 [INFO] httpx: HTTP Request: POST http://testserver/api/athletes "HTTP/1.1 201 Created"
2026-09-10 12:23:49,255 [INFO] httpx: HTTP Request: POST http://testserver/api/athletes "HTTP/1.1 409 Conflict"
2026-09-10 12:23:49,924 [INFO] httpx: HTTP Request: POST http://testserver/api/athletes "HTTP/1.1 201 Created"
2026-09-10 12:23:50,543 [INFO] httpx: HTTP Request: PUT http://testserver/api/athletes/PYTEST-003 "HTTP/1.1 200 OK"
2026-09-10 12:23:51,380 [INFO] httpx: HTTP Request: POST http://testserver/api/athletes "HTTP/1.1 201 Created"
2026-09-10 12:23:51,616 [INFO] httpx: HTTP Request: DELETE http://testserver/api/athletes/PYTEST-004 "HTTP/1.1 204 No Content"
2026-09-10 12:23:51,906 [INFO] httpx: HTTP Request: GET http://testserver/api/athletes/PYTEST-004 "HTTP/1.1 404 Not Found"
2026-09-10 12:23:52,193 [INFO] httpx: HTTP Request: GET http://testserver/api/athletes/PYTEST-DOES-NOT-EXIST "HTTP/1.1 404 Not Found"
2026-09-10 12:23:52,356 [INFO] httpx: HTTP Request: POST http://testserver/api/athletes "HTTP/1.1 422 Unprocessable Entity"
2026-09-10 12:23:52,957 [INFO] httpx: HTTP Request: POST http://testserver/api/athletes "HTTP/1.1 201 Created"
2026-09-10 12:23:53,453 [INFO] httpx: HTTP Request: POST http://testserver/api/athletes "HTTP/1.1 201 Created"
2026-09-10 12:23:53,901 [INFO] httpx: HTTP Request: POST http://testserver/api/auth/register "HTTP/1.1 201 Created"
2026-09-10 12:23:54,210 [INFO] httpx: HTTP Request: POST http://testserver/api/auth/login "HTTP/1.1 200 OK"
2026-09-10 12:23:54,638 [INFO] httpx: HTTP Request: POST http://testserver/api/auth/register "HTTP/1.1 201 Created"
2026-09-10 12:23:54,957 [INFO] httpx: HTTP Request: POST http://testserver/api/auth/login "HTTP/1.1 401 Unauthorized"
2026-09-10 12:23:55,344 [INFO] httpx: HTTP Request: POST http://testserver/api/auth/register "HTTP/1.1 201 Created"
2026-09-10 12:23:55,413 [INFO] httpx: HTTP Request: POST http://testserver/api/auth/register "HTTP/1.1 409 Conflict"
2026-09-10 12:23:55,420 [INFO] httpx: HTTP Request: GET http://testserver/api/auth/me "HTTP/1.1 401 Unauthorized"
2026-09-10 12:23:55,503 [INFO] httpx: HTTP Request: GET http://testserver/api/auth/me "HTTP/1.1 200 OK"
2026-09-10 12:23:56,024 [INFO] httpx: HTTP Request: POST http://testserver/api/auth/register "HTTP/1.1 201 Created"
2026-09-10 12:23:56,270 [INFO] app.services.auth_service: [SIMULATED PASSWORD RESET] username=pytest_forgot link=http://localhost:5173/reset-password?token=ckaG1IiJrPOqn3Rpok6lj4ewSyn5nuXWIVeIDX0RH6o
2026-09-10 12:23:56,274 [INFO] httpx: HTTP Request: POST http://testserver/api/auth/forgot-password "HTTP/1.1 200 OK"
2026-09-10 12:23:56,887 [INFO] httpx: HTTP Request: POST http://testserver/api/auth/reset-password "HTTP/1.1 200 OK"
2026-09-10 12:23:57,235 [INFO] httpx: HTTP Request: POST http://testserver/api/auth/login "HTTP/1.1 401 Unauthorized"
2026-09-10 12:23:57,567 [INFO] httpx: HTTP Request: POST http://testserver/api/auth/login "HTTP/1.1 200 OK"
2026-09-10 12:23:57,649 [INFO] httpx: HTTP Request: POST http://testserver/api/auth/reset-password "HTTP/1.1 400 Bad Request"
2026-09-10 12:23:57,735 [INFO] httpx: HTTP Request: POST http://testserver/api/auth/forgot-password "HTTP/1.1 200 OK"
2026-09-10 12:23:57,825 [INFO] httpx: HTTP Request: POST http://testserver/api/auth/reset-password "HTTP/1.1 400 Bad Request"
2026-09-10 12:23:58,394 [INFO] httpx: HTTP Request: POST http://testserver/api/auth/register "HTTP/1.1 201 Created"
2026-09-10 12:23:58,821 [INFO] httpx: HTTP Request: POST http://testserver/api/auth/login "HTTP/1.1 200 OK"
2026-09-10 12:23:59,199 [INFO] httpx: HTTP Request: POST http://testserver/api/athletes "HTTP/1.1 201 Created"
2026-09-10 12:23:59,382 [INFO] httpx: HTTP Request: GET http://testserver/api/athletes "HTTP/1.1 200 OK"
2026-09-10 12:23:59,593 [INFO] httpx: HTTP Request: GET http://testserver/api/athletes "HTTP/1.1 200 OK"
2026-09-10 12:23:59,717 [INFO] httpx: HTTP Request: POST http://testserver/api/auth/register "HTTP/1.1 409 Conflict"
2026-09-10 12:24:00,166 [INFO] httpx: HTTP Request: POST http://testserver/api/auth/login "HTTP/1.1 200 OK"
2026-09-10 12:24:00,755 [INFO] httpx: HTTP Request: POST http://testserver/api/athletes "HTTP/1.1 201 Created"
2026-09-10 12:24:01,120 [INFO] httpx: HTTP Request: GET http://testserver/api/athletes/PYTEST-ISO-002 "HTTP/1.1 200 OK"
2026-09-10 12:24:01,480 [INFO] httpx: HTTP Request: GET http://testserver/api/athletes/PYTEST-ISO-002 "HTTP/1.1 404 Not Found"
2026-09-10 12:24:01,678 [INFO] httpx: HTTP Request: POST http://testserver/api/auth/register "HTTP/1.1 409 Conflict"
2026-09-10 12:24:02,082 [INFO] httpx: HTTP Request: POST http://testserver/api/auth/login "HTTP/1.1 200 OK"
2026-09-10 12:24:02,646 [INFO] httpx: HTTP Request: POST http://testserver/api/athletes "HTTP/1.1 201 Created"
2026-09-10 12:24:03,563 [INFO] httpx: HTTP Request: POST http://testserver/api/predictions "HTTP/1.1 201 Created"
2026-09-10 12:24:03,908 [INFO] httpx: HTTP Request: GET http://testserver/api/predictions/PRED-a12e879f006a "HTTP/1.1 200 OK"
2026-09-10 12:24:04,266 [INFO] httpx: HTTP Request: GET http://testserver/api/predictions/PRED-a12e879f006a "HTTP/1.1 404 Not Found"
2026-09-10 12:24:04,645 [INFO] httpx: HTTP Request: GET http://testserver/api/predictions "HTTP/1.1 200 OK"
2026-09-10 12:24:05,628 [INFO] httpx: HTTP Request: GET http://testserver/api/dashboard/stats "HTTP/1.1 200 OK"
2026-09-10 12:24:05,737 [INFO] httpx: HTTP Request: GET http://testserver/api/health "HTTP/1.1 200 OK"
2026-09-10 12:24:43,339 [INFO] app.main: Explainable Injury AI API starting up.
2026-09-10 12:24:45,993 [INFO] app.database.mongodb: MongoDB indexes ensured.
2026-09-10 12:25:15,461 [INFO] app.main: Explainable Injury AI API starting up.
2026-09-10 12:25:16,214 [INFO] app.database.mongodb: MongoDB indexes ensured.
2026-09-10 12:25:26,215 [INFO] app.main: Explainable Injury AI API starting up.
2026-09-10 12:25:26,886 [INFO] app.database.mongodb: MongoDB indexes ensured.
2026-09-10 12:25:37,811 [INFO] app.main: Explainable Injury AI API starting up.
2026-09-10 12:25:38,523 [INFO] app.database.mongodb: MongoDB indexes ensured.
2026-09-10 12:25:49,355 [INFO] app.main: Explainable Injury AI API starting up.
2026-09-10 12:25:50,145 [INFO] app.database.mongodb: MongoDB indexes ensured.
2026-09-10 12:25:51,309 [INFO] httpx: HTTP Request: POST http://testserver/api/auth/register "HTTP/1.1 201 Created"
2026-09-10 12:25:51,726 [INFO] httpx: HTTP Request: POST http://testserver/api/auth/login "HTTP/1.1 200 OK"
2026-09-10 12:25:52,053 [INFO] httpx: HTTP Request: POST http://testserver/api/athletes "HTTP/1.1 201 Created"
2026-09-10 12:25:52,498 [INFO] httpx: HTTP Request: POST http://testserver/api/athletes/PYTEST-PRED-001/assessments "HTTP/1.1 201 Created"
2026-09-10 12:25:55,452 [INFO] httpx: HTTP Request: POST http://testserver/api/predictions "HTTP/1.1 201 Created"
2026-09-10 12:25:56,488 [INFO] httpx: HTTP Request: POST http://testserver/api/predictions "HTTP/1.1 201 Created"
2026-09-10 12:25:56,894 [INFO] httpx: HTTP Request: GET http://testserver/api/predictions/PRED-14ef9ddf95b2 "HTTP/1.1 200 OK"
2026-09-10 12:25:57,347 [INFO] httpx: HTTP Request: GET http://testserver/api/athletes/PYTEST-PRED-001/predictions "HTTP/1.1 200 OK"
2026-09-10 12:25:57,848 [INFO] httpx: HTTP Request: POST http://testserver/api/predictions "HTTP/1.1 404 Not Found"
2026-09-10 12:25:58,458 [INFO] httpx: HTTP Request: POST http://testserver/api/athletes "HTTP/1.1 201 Created"
2026-09-10 12:25:58,622 [INFO] httpx: HTTP Request: GET http://testserver/api/athletes/PYTEST-001 "HTTP/1.1 200 OK"
2026-09-10 12:25:59,250 [INFO] httpx: HTTP Request: POST http://testserver/api/athletes "HTTP/1.1 201 Created"
2026-09-10 12:25:59,324 [INFO] httpx: HTTP Request: POST http://testserver/api/athletes "HTTP/1.1 409 Conflict"
2026-09-10 12:25:59,459 [INFO] httpx: HTTP Request: POST http://testserver/api/athletes "HTTP/1.1 201 Created"
2026-09-10 12:25:59,560 [INFO] httpx: HTTP Request: PUT http://testserver/api/athletes/PYTEST-003 "HTTP/1.1 200 OK"
2026-09-10 12:25:59,693 [INFO] httpx: HTTP Request: POST http://testserver/api/athletes "HTTP/1.1 201 Created"
2026-09-10 12:25:59,768 [INFO] httpx: HTTP Request: DELETE http://testserver/api/athletes/PYTEST-004 "HTTP/1.1 204 No Content"
2026-09-10 12:25:59,839 [INFO] httpx: HTTP Request: GET http://testserver/api/athletes/PYTEST-004 "HTTP/1.1 404 Not Found"
2026-09-10 12:25:59,922 [INFO] httpx: HTTP Request: GET http://testserver/api/athletes/PYTEST-DOES-NOT-EXIST "HTTP/1.1 404 Not Found"
2026-09-10 12:25:59,970 [INFO] httpx: HTTP Request: POST http://testserver/api/athletes "HTTP/1.1 422 Unprocessable Entity"
2026-09-10 12:26:00,183 [INFO] httpx: HTTP Request: POST http://testserver/api/athletes "HTTP/1.1 201 Created"
2026-09-10 12:26:00,528 [INFO] httpx: HTTP Request: POST http://testserver/api/athletes "HTTP/1.1 201 Created"
2026-09-10 12:26:01,116 [INFO] httpx: HTTP Request: POST http://testserver/api/auth/register "HTTP/1.1 201 Created"
2026-09-10 12:26:01,690 [INFO] httpx: HTTP Request: POST http://testserver/api/auth/login "HTTP/1.1 200 OK"
2026-09-10 12:26:02,282 [INFO] httpx: HTTP Request: POST http://testserver/api/auth/register "HTTP/1.1 201 Created"
2026-09-10 12:26:02,677 [INFO] httpx: HTTP Request: POST http://testserver/api/auth/login "HTTP/1.1 401 Unauthorized"
2026-09-10 12:26:03,357 [INFO] httpx: HTTP Request: POST http://testserver/api/auth/register "HTTP/1.1 201 Created"
2026-09-10 12:26:03,607 [INFO] httpx: HTTP Request: POST http://testserver/api/auth/register "HTTP/1.1 409 Conflict"
2026-09-10 12:26:03,615 [INFO] httpx: HTTP Request: GET http://testserver/api/auth/me "HTTP/1.1 401 Unauthorized"
2026-09-10 12:26:03,862 [INFO] httpx: HTTP Request: GET http://testserver/api/auth/me "HTTP/1.1 200 OK"
2026-09-10 12:26:04,298 [INFO] httpx: HTTP Request: POST http://testserver/api/auth/register "HTTP/1.1 201 Created"
2026-09-10 12:26:04,364 [INFO] app.services.auth_service: [SIMULATED PASSWORD RESET] username=pytest_forgot link=http://localhost:5173/reset-password?token=83t7-ZngU2XiKmu2Fh2cQpMBDdhFP1nYtIIpV-aY9mo
2026-09-10 12:26:04,367 [INFO] httpx: HTTP Request: POST http://testserver/api/auth/forgot-password "HTTP/1.1 200 OK"
2026-09-10 12:26:04,703 [INFO] httpx: HTTP Request: POST http://testserver/api/auth/reset-password "HTTP/1.1 200 OK"
2026-09-10 12:26:05,043 [INFO] httpx: HTTP Request: POST http://testserver/api/auth/login "HTTP/1.1 401 Unauthorized"
2026-09-10 12:26:05,403 [INFO] httpx: HTTP Request: POST http://testserver/api/auth/login "HTTP/1.1 200 OK"
2026-09-10 12:26:05,443 [INFO] httpx: HTTP Request: POST http://testserver/api/auth/reset-password "HTTP/1.1 400 Bad Request"
2026-09-10 12:26:05,483 [INFO] httpx: HTTP Request: POST http://testserver/api/auth/forgot-password "HTTP/1.1 200 OK"
2026-09-10 12:26:05,521 [INFO] httpx: HTTP Request: POST http://testserver/api/auth/reset-password "HTTP/1.1 400 Bad Request"
2026-09-10 12:26:05,897 [INFO] httpx: HTTP Request: POST http://testserver/api/auth/register "HTTP/1.1 201 Created"
2026-09-10 12:26:06,223 [INFO] httpx: HTTP Request: POST http://testserver/api/auth/login "HTTP/1.1 200 OK"
2026-09-10 12:26:06,352 [INFO] httpx: HTTP Request: POST http://testserver/api/athletes "HTTP/1.1 201 Created"
2026-09-10 12:26:06,426 [INFO] httpx: HTTP Request: GET http://testserver/api/athletes "HTTP/1.1 200 OK"
2026-09-10 12:26:06,500 [INFO] httpx: HTTP Request: GET http://testserver/api/athletes "HTTP/1.1 200 OK"
2026-09-10 12:26:06,535 [INFO] httpx: HTTP Request: POST http://testserver/api/auth/register "HTTP/1.1 409 Conflict"
2026-09-10 12:26:06,858 [INFO] httpx: HTTP Request: POST http://testserver/api/auth/login "HTTP/1.1 200 OK"
2026-09-10 12:26:07,011 [INFO] httpx: HTTP Request: POST http://testserver/api/athletes "HTTP/1.1 201 Created"
2026-09-10 12:26:07,087 [INFO] httpx: HTTP Request: GET http://testserver/api/athletes/PYTEST-ISO-002 "HTTP/1.1 200 OK"
2026-09-10 12:26:07,158 [INFO] httpx: HTTP Request: GET http://testserver/api/athletes/PYTEST-ISO-002 "HTTP/1.1 404 Not Found"
2026-09-10 12:26:07,198 [INFO] httpx: HTTP Request: POST http://testserver/api/auth/register "HTTP/1.1 409 Conflict"
2026-09-10 12:26:07,489 [INFO] httpx: HTTP Request: POST http://testserver/api/auth/login "HTTP/1.1 200 OK"
2026-09-10 12:26:07,614 [INFO] httpx: HTTP Request: POST http://testserver/api/athletes "HTTP/1.1 201 Created"
2026-09-10 12:26:07,807 [INFO] httpx: HTTP Request: POST http://testserver/api/predictions "HTTP/1.1 201 Created"
2026-09-10 12:26:07,914 [INFO] httpx: HTTP Request: GET http://testserver/api/predictions/PRED-06713a04367d "HTTP/1.1 200 OK"
2026-09-10 12:26:07,999 [INFO] httpx: HTTP Request: GET http://testserver/api/predictions/PRED-06713a04367d "HTTP/1.1 404 Not Found"
2026-09-10 12:26:08,082 [INFO] httpx: HTTP Request: GET http://testserver/api/predictions "HTTP/1.1 200 OK"
2026-09-10 12:26:08,407 [INFO] httpx: HTTP Request: GET http://testserver/api/dashboard/stats "HTTP/1.1 200 OK"
2026-09-10 12:26:08,567 [INFO] httpx: HTTP Request: POST http://testserver/api/datasets/upload "HTTP/1.1 200 OK"
2026-09-10 12:26:08,632 [INFO] httpx: HTTP Request: POST http://testserver/api/datasets/DS-c6d3f092072a/validate "HTTP/1.1 200 OK"
2026-09-10 12:26:08,706 [INFO] httpx: HTTP Request: POST http://testserver/api/datasets/DS-c6d3f092072a/process "HTTP/1.1 200 OK"
2026-09-10 12:26:08,840 [INFO] httpx: HTTP Request: POST http://testserver/api/datasets/DS-c6d3f092072a/select-for-training "HTTP/1.1 200 OK"
2026-09-10 12:26:08,913 [INFO] httpx: HTTP Request: GET http://testserver/api/datasets/training-selection "HTTP/1.1 200 OK"
2026-09-10 12:26:09,031 [INFO] httpx: HTTP Request: POST http://testserver/api/datasets/reset-training-selection "HTTP/1.1 200 OK"
2026-09-10 12:26:09,195 [INFO] httpx: HTTP Request: GET http://testserver/api/health "HTTP/1.1 200 OK"
2026-09-10 12:26:09,294 [INFO] app.ml.train_models: Class imbalance detected (minority ratio=0.23). Applying SMOTE to training data only.
2026-09-10 12:26:20,350 [INFO] app.ml.hyperparameter_tuning: Best XGBoost params: {'colsample_bytree': np.float64(0.6733618039413735), 'gamma': np.float64(1.5212112147976886), 'learning_rate': np.float64(0.10970372201012518), 'max_depth': 6, 'min_child_weight': 9, 'n_estimators': 148, 'reg_alpha': np.float64(1.0495493205167783), 'reg_lambda': np.float64(0.799721943430511), 'subsample': np.float64(0.6186662652854461)} (leak-free CV F1=0.3270)
2026-09-10 12:26:20,543 [INFO] app.ml.train_models: Class imbalance detected (minority ratio=0.23). Applying SMOTE to training data only.
2026-09-10 12:26:21,294 [INFO] app.ml.ablation: M1_demographic: {'accuracy': 0.6583, 'precision': 0.2593, 'recall': 0.25, 'f1_score': 0.2545, 'specificity': 0.7826, 'roc_auc': 0.5353, 'pr_auc': 0.2821, 'modality_configuration': 'M1_demographic', 'modalities': 'demographic'}
2026-09-10 12:26:21,393 [INFO] app.ml.train_models: Class imbalance detected (minority ratio=0.23). Applying SMOTE to training data only.
2026-09-10 12:26:21,989 [INFO] app.ml.ablation: M2_demographic_training: {'accuracy': 0.7583, 'precision': 0.4706, 'recall': 0.2857, 'f1_score': 0.3556, 'specificity': 0.9022, 'roc_auc': 0.6238, 'pr_auc': 0.424, 'modality_configuration': 'M2_demographic_training', 'modalities': 'demographic+training'}
2026-09-10 12:26:22,052 [INFO] app.ml.train_models: Class imbalance detected (minority ratio=0.23). Applying SMOTE to training data only.
2026-09-10 12:26:22,363 [INFO] app.ml.ablation: M3_demographic_training_recovery: {'accuracy': 0.7667, 'precision': 0.5, 'recall': 0.1786, 'f1_score': 0.2632, 'specificity': 0.9457, 'roc_auc': 0.6262, 'pr_auc': 0.3884, 'modality_configuration': 'M3_demographic_training_recovery', 'modalities': 'demographic+training+recovery'}
2026-09-10 12:26:22,411 [INFO] app.ml.train_models: Class imbalance detected (minority ratio=0.23). Applying SMOTE to training data only.
2026-09-10 12:26:22,727 [INFO] app.ml.ablation: M4_demographic_training_physiological: {'accuracy': 0.7417, 'precision': 0.4, 'recall': 0.2143, 'f1_score': 0.2791, 'specificity': 0.9022, 'roc_auc': 0.5959, 'pr_auc': 0.3878, 'modality_configuration': 'M4_demographic_training_physiological', 'modalities': 'demographic+training+physiological'}
2026-09-10 12:26:22,768 [INFO] app.ml.train_models: Class imbalance detected (minority ratio=0.23). Applying SMOTE to training data only.
2026-09-10 12:26:23,070 [INFO] app.ml.ablation: M5_demo_training_physio_recovery_lifestyle: {'accuracy': 0.75, 'precision': 0.4167, 'recall': 0.1786, 'f1_score': 0.25, 'specificity': 0.9239, 'roc_auc': 0.5637, 'pr_auc': 0.362, 'modality_configuration': 'M5_demo_training_physio_recovery_lifestyle', 'modalities': 'demographic+training+physiological+recovery+lifestyle'}
2026-09-10 12:26:23,140 [INFO] app.ml.train_models: Class imbalance detected (minority ratio=0.23). Applying SMOTE to training data only.
2026-09-10 12:26:23,523 [INFO] app.ml.ablation: M6_all_modalities: {'accuracy': 0.7583, 'precision': 0.4615, 'recall': 0.2143, 'f1_score': 0.2927, 'specificity': 0.9239, 'roc_auc': 0.5889, 'pr_auc': 0.384, 'modality_configuration': 'M6_all_modalities', 'modalities': 'demographic+training+physiological+recovery+lifestyle+injury_history'}
2026-09-10 12:27:05,852 [INFO] httpx: HTTP Request: POST http://testserver/api/auth/register "HTTP/1.1 201 Created"
2026-09-10 12:27:06,434 [INFO] httpx: HTTP Request: POST http://testserver/api/auth/login "HTTP/1.1 200 OK"
2026-09-10 12:27:06,659 [INFO] app.main: Explainable Injury AI API starting up.
2026-09-10 12:27:06,990 [INFO] httpx: HTTP Request: POST http://testserver/api/athletes "HTTP/1.1 201 Created"
2026-09-10 12:27:07,778 [INFO] httpx: HTTP Request: POST http://testserver/api/athletes/PYTEST-PRED-001/assessments "HTTP/1.1 201 Created"
2026-09-10 12:27:09,235 [INFO] app.database.mongodb: MongoDB indexes ensured.
2026-09-10 12:27:10,820 [INFO] httpx: HTTP Request: POST http://testserver/api/predictions "HTTP/1.1 201 Created"
2026-09-10 12:27:11,571 [INFO] httpx: HTTP Request: POST http://testserver/api/predictions "HTTP/1.1 201 Created"
2026-09-10 12:27:11,917 [INFO] httpx: HTTP Request: GET http://testserver/api/predictions/PRED-6428b564ec45 "HTTP/1.1 200 OK"
2026-09-10 12:27:12,267 [INFO] httpx: HTTP Request: GET http://testserver/api/athletes/PYTEST-PRED-001/predictions "HTTP/1.1 200 OK"
2026-09-10 12:27:12,495 [INFO] httpx: HTTP Request: POST http://testserver/api/predictions "HTTP/1.1 404 Not Found"
2026-09-10 12:27:12,630 [INFO] httpx: HTTP Request: POST http://testserver/api/athletes "HTTP/1.1 201 Created"
2026-09-10 12:27:12,705 [INFO] httpx: HTTP Request: GET http://testserver/api/athletes/PYTEST-001 "HTTP/1.1 200 OK"
2026-09-10 12:27:12,844 [INFO] httpx: HTTP Request: POST http://testserver/api/athletes "HTTP/1.1 201 Created"
2026-09-10 12:27:12,928 [INFO] httpx: HTTP Request: POST http://testserver/api/athletes "HTTP/1.1 409 Conflict"
2026-09-10 12:27:13,115 [INFO] httpx: HTTP Request: POST http://testserver/api/athletes "HTTP/1.1 201 Created"
2026-09-10 12:27:13,282 [INFO] httpx: HTTP Request: PUT http://testserver/api/athletes/PYTEST-003 "HTTP/1.1 200 OK"
2026-09-10 12:27:13,750 [INFO] httpx: HTTP Request: POST http://testserver/api/athletes "HTTP/1.1 201 Created"
2026-09-10 12:27:14,026 [INFO] httpx: HTTP Request: DELETE http://testserver/api/athletes/PYTEST-004 "HTTP/1.1 204 No Content"
2026-09-10 12:27:14,365 [INFO] httpx: HTTP Request: GET http://testserver/api/athletes/PYTEST-004 "HTTP/1.1 404 Not Found"
2026-09-10 12:27:14,850 [INFO] httpx: HTTP Request: GET http://testserver/api/athletes/PYTEST-DOES-NOT-EXIST "HTTP/1.1 404 Not Found"
2026-09-10 12:27:15,105 [INFO] httpx: HTTP Request: POST http://testserver/api/athletes "HTTP/1.1 422 Unprocessable Entity"
2026-09-10 12:27:15,326 [INFO] httpx: HTTP Request: POST http://testserver/api/athletes "HTTP/1.1 201 Created"
2026-09-10 12:27:15,551 [INFO] httpx: HTTP Request: POST http://testserver/api/athletes "HTTP/1.1 201 Created"
2026-09-10 12:27:16,097 [INFO] httpx: HTTP Request: POST http://testserver/api/auth/register "HTTP/1.1 201 Created"
2026-09-10 12:27:16,579 [INFO] httpx: HTTP Request: POST http://testserver/api/auth/login "HTTP/1.1 200 OK"
2026-09-10 12:27:17,253 [INFO] httpx: HTTP Request: POST http://testserver/api/auth/register "HTTP/1.1 201 Created"
2026-09-10 12:27:17,731 [INFO] httpx: HTTP Request: POST http://testserver/api/auth/login "HTTP/1.1 401 Unauthorized"
2026-09-10 12:27:18,448 [INFO] httpx: HTTP Request: POST http://testserver/api/auth/register "HTTP/1.1 201 Created"
2026-09-10 12:27:18,667 [INFO] httpx: HTTP Request: POST http://testserver/api/auth/register "HTTP/1.1 409 Conflict"
2026-09-10 12:27:18,674 [INFO] httpx: HTTP Request: GET http://testserver/api/auth/me "HTTP/1.1 401 Unauthorized"
2026-09-10 12:27:18,902 [INFO] httpx: HTTP Request: GET http://testserver/api/auth/me "HTTP/1.1 200 OK"
2026-09-10 12:27:19,570 [INFO] httpx: HTTP Request: POST http://testserver/api/auth/register "HTTP/1.1 201 Created"
2026-09-10 12:27:19,988 [INFO] app.services.auth_service: [SIMULATED PASSWORD RESET] username=pytest_forgot link=http://localhost:5173/reset-password?token=Iam2467_PLkAYjjuixVY0Rwx8AcohgWPNofIanOkcAM
2026-09-10 12:27:19,991 [INFO] httpx: HTTP Request: POST http://testserver/api/auth/forgot-password "HTTP/1.1 200 OK"
2026-09-10 12:27:20,684 [INFO] httpx: HTTP Request: POST http://testserver/api/auth/reset-password "HTTP/1.1 200 OK"
2026-09-10 12:27:21,152 [INFO] httpx: HTTP Request: POST http://testserver/api/auth/login "HTTP/1.1 401 Unauthorized"
2026-09-10 12:27:21,639 [INFO] httpx: HTTP Request: POST http://testserver/api/auth/login "HTTP/1.1 200 OK"
2026-09-10 12:27:21,885 [INFO] httpx: HTTP Request: POST http://testserver/api/auth/reset-password "HTTP/1.1 400 Bad Request"
2026-09-10 12:27:22,138 [INFO] httpx: HTTP Request: POST http://testserver/api/auth/forgot-password "HTTP/1.1 200 OK"
2026-09-10 12:27:22,355 [INFO] httpx: HTTP Request: POST http://testserver/api/auth/reset-password "HTTP/1.1 400 Bad Request"
2026-09-10 12:27:22,849 [INFO] httpx: HTTP Request: POST http://testserver/api/auth/register "HTTP/1.1 201 Created"
2026-09-10 12:27:23,248 [INFO] httpx: HTTP Request: POST http://testserver/api/auth/login "HTTP/1.1 200 OK"
2026-09-10 12:27:23,388 [INFO] httpx: HTTP Request: POST http://testserver/api/athletes "HTTP/1.1 201 Created"
2026-09-10 12:27:23,454 [INFO] httpx: HTTP Request: GET http://testserver/api/athletes "HTTP/1.1 200 OK"
2026-09-10 12:27:23,520 [INFO] httpx: HTTP Request: GET http://testserver/api/athletes "HTTP/1.1 200 OK"
2026-09-10 12:27:23,556 [INFO] httpx: HTTP Request: POST http://testserver/api/auth/register "HTTP/1.1 409 Conflict"
2026-09-10 12:27:23,836 [INFO] httpx: HTTP Request: POST http://testserver/api/auth/login "HTTP/1.1 200 OK"
2026-09-10 12:27:24,050 [INFO] httpx: HTTP Request: POST http://testserver/api/athletes "HTTP/1.1 201 Created"
2026-09-10 12:27:24,226 [INFO] httpx: HTTP Request: GET http://testserver/api/athletes/PYTEST-ISO-002 "HTTP/1.1 200 OK"
2026-09-10 12:27:24,445 [INFO] httpx: HTTP Request: GET http://testserver/api/athletes/PYTEST-ISO-002 "HTTP/1.1 404 Not Found"
2026-09-10 12:27:24,578 [INFO] httpx: HTTP Request: POST http://testserver/api/auth/register "HTTP/1.1 409 Conflict"
2026-09-10 12:27:24,968 [INFO] httpx: HTTP Request: POST http://testserver/api/auth/login "HTTP/1.1 200 OK"
2026-09-10 12:27:25,808 [INFO] httpx: HTTP Request: POST http://testserver/api/athletes "HTTP/1.1 201 Created"
2026-09-10 12:27:27,161 [INFO] httpx: HTTP Request: POST http://testserver/api/predictions "HTTP/1.1 201 Created"
2026-09-10 12:27:27,600 [INFO] httpx: HTTP Request: GET http://testserver/api/predictions/PRED-37b5195ffd23 "HTTP/1.1 200 OK"
2026-09-10 12:27:27,976 [INFO] httpx: HTTP Request: GET http://testserver/api/predictions/PRED-37b5195ffd23 "HTTP/1.1 404 Not Found"
2026-09-10 12:27:28,363 [INFO] httpx: HTTP Request: GET http://testserver/api/predictions "HTTP/1.1 200 OK"
2026-09-10 12:27:30,168 [INFO] httpx: HTTP Request: GET http://testserver/api/dashboard/stats "HTTP/1.1 200 OK"
2026-09-10 12:27:30,582 [INFO] httpx: HTTP Request: POST http://testserver/api/datasets/upload "HTTP/1.1 200 OK"
2026-09-10 12:27:30,798 [INFO] httpx: HTTP Request: POST http://testserver/api/datasets/DS-513dd291a6d3/validate "HTTP/1.1 200 OK"
2026-09-10 12:27:31,023 [INFO] httpx: HTTP Request: POST http://testserver/api/datasets/DS-513dd291a6d3/process "HTTP/1.1 200 OK"
2026-09-10 12:27:31,606 [INFO] httpx: HTTP Request: POST http://testserver/api/datasets/DS-513dd291a6d3/select-for-training "HTTP/1.1 200 OK"
2026-09-10 12:27:31,950 [INFO] httpx: HTTP Request: GET http://testserver/api/datasets/training-selection "HTTP/1.1 200 OK"
2026-09-10 12:27:32,485 [INFO] httpx: HTTP Request: POST http://testserver/api/datasets/reset-training-selection "HTTP/1.1 200 OK"
2026-09-10 12:27:32,839 [INFO] httpx: HTTP Request: GET http://testserver/api/health "HTTP/1.1 200 OK"
2026-09-10 12:27:32,962 [INFO] app.ml.train_models: Class imbalance detected (minority ratio=0.23). Applying SMOTE to training data only.
2026-09-10 12:27:45,743 [INFO] app.ml.hyperparameter_tuning: Best XGBoost params: {'colsample_bytree': np.float64(0.6733618039413735), 'gamma': np.float64(1.5212112147976886), 'learning_rate': np.float64(0.10970372201012518), 'max_depth': 6, 'min_child_weight': 9, 'n_estimators': 148, 'reg_alpha': np.float64(1.0495493205167783), 'reg_lambda': np.float64(0.799721943430511), 'subsample': np.float64(0.6186662652854461)} (leak-free CV F1=0.3270)
2026-09-10 12:27:45,943 [INFO] app.ml.train_models: Class imbalance detected (minority ratio=0.23). Applying SMOTE to training data only.
2026-09-10 12:27:46,237 [INFO] app.ml.ablation: M1_demographic: {'accuracy': 0.6583, 'precision': 0.2593, 'recall': 0.25, 'f1_score': 0.2545, 'specificity': 0.7826, 'roc_auc': 0.5353, 'pr_auc': 0.2821, 'modality_configuration': 'M1_demographic', 'modalities': 'demographic'}
2026-09-10 12:27:46,307 [INFO] app.ml.train_models: Class imbalance detected (minority ratio=0.23). Applying SMOTE to training data only.
2026-09-10 12:27:46,651 [INFO] app.ml.ablation: M2_demographic_training: {'accuracy': 0.7583, 'precision': 0.4706, 'recall': 0.2857, 'f1_score': 0.3556, 'specificity': 0.9022, 'roc_auc': 0.6238, 'pr_auc': 0.424, 'modality_configuration': 'M2_demographic_training', 'modalities': 'demographic+training'}
2026-09-10 12:27:46,702 [INFO] app.ml.train_models: Class imbalance detected (minority ratio=0.23). Applying SMOTE to training data only.
2026-09-10 12:27:47,241 [INFO] app.ml.ablation: M3_demographic_training_recovery: {'accuracy': 0.7667, 'precision': 0.5, 'recall': 0.1786, 'f1_score': 0.2632, 'specificity': 0.9457, 'roc_auc': 0.6262, 'pr_auc': 0.3884, 'modality_configuration': 'M3_demographic_training_recovery', 'modalities': 'demographic+training+recovery'}
2026-09-10 12:27:47,313 [INFO] app.ml.train_models: Class imbalance detected (minority ratio=0.23). Applying SMOTE to training data only.
2026-09-10 12:27:47,624 [INFO] app.ml.ablation: M4_demographic_training_physiological: {'accuracy': 0.7417, 'precision': 0.4, 'recall': 0.2143, 'f1_score': 0.2791, 'specificity': 0.9022, 'roc_auc': 0.5959, 'pr_auc': 0.3878, 'modality_configuration': 'M4_demographic_training_physiological', 'modalities': 'demographic+training+physiological'}
2026-09-10 12:27:47,698 [INFO] app.ml.train_models: Class imbalance detected (minority ratio=0.23). Applying SMOTE to training data only.
2026-09-10 12:27:48,461 [INFO] app.ml.ablation: M5_demo_training_physio_recovery_lifestyle: {'accuracy': 0.75, 'precision': 0.4167, 'recall': 0.1786, 'f1_score': 0.25, 'specificity': 0.9239, 'roc_auc': 0.5637, 'pr_auc': 0.362, 'modality_configuration': 'M5_demo_training_physio_recovery_lifestyle', 'modalities': 'demographic+training+physiological+recovery+lifestyle'}
2026-09-10 12:27:48,545 [INFO] app.ml.train_models: Class imbalance detected (minority ratio=0.23). Applying SMOTE to training data only.
2026-09-10 12:27:49,415 [INFO] app.ml.ablation: M6_all_modalities: {'accuracy': 0.7583, 'precision': 0.4615, 'recall': 0.2143, 'f1_score': 0.2927, 'specificity': 0.9239, 'roc_auc': 0.5889, 'pr_auc': 0.384, 'modality_configuration': 'M6_all_modalities', 'modalities': 'demographic+training+physiological+recovery+lifestyle+injury_history'}
2026-09-10 12:30:00,339 [INFO] app.main: Explainable Injury AI API starting up.
2026-09-10 12:30:01,571 [INFO] app.database.mongodb: MongoDB indexes ensured.
2026-09-10 12:30:14,072 [INFO] app.main: Explainable Injury AI API starting up.
2026-09-10 12:30:16,713 [INFO] app.database.mongodb: MongoDB indexes ensured.
2026-09-10 12:30:25,520 [INFO] app.main: Explainable Injury AI API starting up.
2026-09-10 12:30:28,262 [INFO] app.database.mongodb: MongoDB indexes ensured.
2026-09-10 12:45:06,762 [INFO] app.main: Explainable Injury AI API starting up.
2026-09-10 12:45:07,833 [INFO] app.database.mongodb: MongoDB indexes ensured.
2026-09-10 12:45:17,957 [INFO] app.main: Explainable Injury AI API starting up.
2026-09-10 12:45:18,643 [INFO] app.database.mongodb: MongoDB indexes ensured.
2026-09-10 13:09:48,979 [INFO] httpx: HTTP Request: POST http://testserver/api/auth/register "HTTP/1.1 201 Created"
2026-09-10 13:09:49,971 [INFO] httpx: HTTP Request: POST http://testserver/api/auth/login "HTTP/1.1 200 OK"
2026-09-10 13:09:50,153 [INFO] httpx: HTTP Request: POST http://testserver/api/athletes "HTTP/1.1 201 Created"
2026-09-10 13:09:50,325 [INFO] httpx: HTTP Request: POST http://testserver/api/athletes/PYTEST-PRED-001/assessments "HTTP/1.1 201 Created"
2026-09-10 13:09:52,500 [INFO] httpx: HTTP Request: POST http://testserver/api/predictions "HTTP/1.1 201 Created"
2026-09-10 13:09:53,474 [INFO] httpx: HTTP Request: POST http://testserver/api/predictions "HTTP/1.1 201 Created"
2026-09-10 13:09:53,587 [INFO] httpx: HTTP Request: GET http://testserver/api/predictions/PRED-6641aec1193b "HTTP/1.1 200 OK"
2026-09-10 13:09:53,678 [INFO] httpx: HTTP Request: GET http://testserver/api/athletes/PYTEST-PRED-001/predictions "HTTP/1.1 200 OK"
2026-09-10 13:09:53,771 [INFO] httpx: HTTP Request: POST http://testserver/api/predictions "HTTP/1.1 404 Not Found"
2026-09-10 13:09:53,938 [INFO] httpx: HTTP Request: POST http://testserver/api/athletes "HTTP/1.1 201 Created"
2026-09-10 13:09:54,033 [INFO] httpx: HTTP Request: GET http://testserver/api/athletes/PYTEST-001 "HTTP/1.1 200 OK"
2026-09-10 13:09:54,221 [INFO] httpx: HTTP Request: POST http://testserver/api/athletes "HTTP/1.1 201 Created"
2026-09-10 13:09:54,604 [INFO] httpx: HTTP Request: POST http://testserver/api/athletes "HTTP/1.1 409 Conflict"
2026-09-10 13:09:54,750 [INFO] httpx: HTTP Request: POST http://testserver/api/athletes "HTTP/1.1 201 Created"
2026-09-10 13:09:54,881 [INFO] httpx: HTTP Request: PUT http://testserver/api/athletes/PYTEST-003 "HTTP/1.1 200 OK"
2026-09-10 13:09:55,045 [INFO] httpx: HTTP Request: POST http://testserver/api/athletes "HTTP/1.1 201 Created"
2026-09-10 13:09:55,137 [INFO] httpx: HTTP Request: DELETE http://testserver/api/athletes/PYTEST-004 "HTTP/1.1 204 No Content"
2026-09-10 13:09:55,240 [INFO] httpx: HTTP Request: GET http://testserver/api/athletes/PYTEST-004 "HTTP/1.1 404 Not Found"
2026-09-10 13:09:55,349 [INFO] httpx: HTTP Request: GET http://testserver/api/athletes/PYTEST-DOES-NOT-EXIST "HTTP/1.1 404 Not Found"
2026-09-10 13:09:55,410 [INFO] httpx: HTTP Request: POST http://testserver/api/athletes "HTTP/1.1 422 Unprocessable Entity"
2026-09-10 13:09:55,562 [INFO] httpx: HTTP Request: POST http://testserver/api/athletes "HTTP/1.1 201 Created"
2026-09-10 13:09:55,703 [INFO] httpx: HTTP Request: POST http://testserver/api/athletes "HTTP/1.1 201 Created"
2026-09-10 13:09:56,543 [INFO] httpx: HTTP Request: POST http://testserver/api/auth/register "HTTP/1.1 201 Created"
2026-09-10 13:09:57,366 [INFO] httpx: HTTP Request: POST http://testserver/api/auth/login "HTTP/1.1 200 OK"
2026-09-10 13:09:58,259 [INFO] httpx: HTTP Request: POST http://testserver/api/auth/register "HTTP/1.1 201 Created"
2026-09-10 13:09:59,157 [INFO] httpx: HTTP Request: POST http://testserver/api/auth/login "HTTP/1.1 401 Unauthorized"
2026-09-10 13:10:00,051 [INFO] httpx: HTTP Request: POST http://testserver/api/auth/register "HTTP/1.1 201 Created"
2026-09-10 13:10:00,098 [INFO] httpx: HTTP Request: POST http://testserver/api/auth/register "HTTP/1.1 409 Conflict"
2026-09-10 13:10:00,120 [INFO] httpx: HTTP Request: GET http://testserver/api/auth/me "HTTP/1.1 401 Unauthorized"
2026-09-10 13:10:00,175 [INFO] httpx: HTTP Request: GET http://testserver/api/auth/me "HTTP/1.1 200 OK"
2026-09-10 13:10:01,113 [INFO] httpx: HTTP Request: POST http://testserver/api/auth/register "HTTP/1.1 201 Created"
2026-09-10 13:10:01,191 [INFO] app.services.auth_service: [SIMULATED PASSWORD RESET] username=pytest_forgot link=http://localhost:5173/reset-password?token=9vT_cEBBFkQxTmwV60wJXboCOsu-aXbrHc2w79f6OcY
2026-09-10 13:10:01,200 [INFO] httpx: HTTP Request: POST http://testserver/api/auth/forgot-password "HTTP/1.1 200 OK"
2026-09-10 13:10:02,112 [INFO] httpx: HTTP Request: POST http://testserver/api/auth/reset-password "HTTP/1.1 200 OK"
2026-09-10 13:10:02,973 [INFO] httpx: HTTP Request: POST http://testserver/api/auth/login "HTTP/1.1 401 Unauthorized"
2026-09-10 13:10:03,781 [INFO] httpx: HTTP Request: POST http://testserver/api/auth/login "HTTP/1.1 200 OK"
2026-09-10 13:10:03,828 [INFO] httpx: HTTP Request: POST http://testserver/api/auth/reset-password "HTTP/1.1 400 Bad Request"
2026-09-10 13:10:03,885 [INFO] httpx: HTTP Request: POST http://testserver/api/auth/forgot-password "HTTP/1.1 200 OK"
2026-09-10 13:10:03,945 [INFO] httpx: HTTP Request: POST http://testserver/api/auth/reset-password "HTTP/1.1 400 Bad Request"
2026-09-10 13:10:04,796 [INFO] httpx: HTTP Request: POST http://testserver/api/auth/register "HTTP/1.1 201 Created"
2026-09-10 13:10:05,650 [INFO] httpx: HTTP Request: POST http://testserver/api/auth/login "HTTP/1.1 200 OK"
2026-09-10 13:10:05,795 [INFO] httpx: HTTP Request: POST http://testserver/api/athletes "HTTP/1.1 201 Created"
2026-09-10 13:10:05,879 [INFO] httpx: HTTP Request: GET http://testserver/api/athletes "HTTP/1.1 200 OK"
2026-09-10 13:10:05,959 [INFO] httpx: HTTP Request: GET http://testserver/api/athletes "HTTP/1.1 200 OK"
2026-09-10 13:10:06,012 [INFO] httpx: HTTP Request: POST http://testserver/api/auth/register "HTTP/1.1 409 Conflict"
2026-09-10 13:10:06,844 [INFO] httpx: HTTP Request: POST http://testserver/api/auth/login "HTTP/1.1 200 OK"
2026-09-10 13:10:06,996 [INFO] httpx: HTTP Request: POST http://testserver/api/athletes "HTTP/1.1 201 Created"
2026-09-10 13:10:07,079 [INFO] httpx: HTTP Request: GET http://testserver/api/athletes/PYTEST-ISO-002 "HTTP/1.1 200 OK"
2026-09-10 13:10:07,162 [INFO] httpx: HTTP Request: GET http://testserver/api/athletes/PYTEST-ISO-002 "HTTP/1.1 404 Not Found"
2026-09-10 13:10:07,214 [INFO] httpx: HTTP Request: POST http://testserver/api/auth/register "HTTP/1.1 409 Conflict"
2026-09-10 13:10:08,032 [INFO] httpx: HTTP Request: POST http://testserver/api/auth/login "HTTP/1.1 200 OK"
2026-09-10 13:10:08,175 [INFO] httpx: HTTP Request: POST http://testserver/api/athletes "HTTP/1.1 201 Created"
2026-09-10 13:10:08,425 [INFO] httpx: HTTP Request: POST http://testserver/api/predictions "HTTP/1.1 201 Created"
2026-09-10 13:10:08,506 [INFO] httpx: HTTP Request: GET http://testserver/api/predictions/PRED-d2d94726472c "HTTP/1.1 200 OK"
2026-09-10 13:10:08,586 [INFO] httpx: HTTP Request: GET http://testserver/api/predictions/PRED-d2d94726472c "HTTP/1.1 404 Not Found"
2026-09-10 13:10:08,662 [INFO] httpx: HTTP Request: GET http://testserver/api/predictions "HTTP/1.1 200 OK"
2026-09-10 13:10:08,950 [INFO] httpx: HTTP Request: GET http://testserver/api/dashboard/stats "HTTP/1.1 200 OK"
2026-09-10 13:10:09,151 [INFO] httpx: HTTP Request: POST http://testserver/api/datasets/upload "HTTP/1.1 200 OK"
2026-09-10 13:10:09,394 [INFO] httpx: HTTP Request: POST http://testserver/api/datasets/DS-8ff24cc125c4/validate "HTTP/1.1 200 OK"
2026-09-10 13:10:09,639 [INFO] httpx: HTTP Request: POST http://testserver/api/datasets/DS-8ff24cc125c4/process "HTTP/1.1 200 OK"
2026-09-10 13:10:09,769 [INFO] httpx: HTTP Request: POST http://testserver/api/datasets/DS-8ff24cc125c4/select-for-training "HTTP/1.1 200 OK"
2026-09-10 13:10:09,851 [INFO] httpx: HTTP Request: GET http://testserver/api/datasets/training-selection "HTTP/1.1 200 OK"
2026-09-10 13:10:09,969 [INFO] httpx: HTTP Request: POST http://testserver/api/datasets/reset-training-selection "HTTP/1.1 200 OK"
2026-09-10 13:10:10,763 [INFO] httpx: HTTP Request: GET http://testserver/api/health "HTTP/1.1 200 OK"
2026-09-10 13:10:11,190 [INFO] app.ml.train_models: Class imbalance detected (minority ratio=0.23). Applying SMOTE to training data only.
2026-09-10 13:10:56,659 [INFO] app.ml.hyperparameter_tuning: Best XGBoost params: {'colsample_bytree': np.float64(0.6733618039413735), 'gamma': np.float64(1.5212112147976886), 'learning_rate': np.float64(0.10970372201012518), 'max_depth': 6, 'min_child_weight': 9, 'n_estimators': 148, 'reg_alpha': np.float64(1.0495493205167783), 'reg_lambda': np.float64(0.799721943430511), 'subsample': np.float64(0.6186662652854461)} (leak-free CV F1=0.3270)
2026-09-10 13:10:56,990 [INFO] app.ml.train_models: Class imbalance detected (minority ratio=0.23). Applying SMOTE to training data only.
2026-09-10 13:10:58,360 [INFO] app.ml.ablation: M1_demographic: {'accuracy': 0.6583, 'precision': 0.2593, 'recall': 0.25, 'f1_score': 0.2545, 'specificity': 0.7826, 'roc_auc': 0.5353, 'pr_auc': 0.2821, 'modality_configuration': 'M1_demographic', 'modalities': 'demographic'}
2026-09-10 13:10:58,615 [INFO] app.ml.train_models: Class imbalance detected (minority ratio=0.23). Applying SMOTE to training data only.
2026-09-10 13:11:00,453 [INFO] app.ml.ablation: M2_demographic_training: {'accuracy': 0.7583, 'precision': 0.4706, 'recall': 0.2857, 'f1_score': 0.3556, 'specificity': 0.9022, 'roc_auc': 0.6238, 'pr_auc': 0.424, 'modality_configuration': 'M2_demographic_training', 'modalities': 'demographic+training'}
2026-09-10 13:11:00,691 [INFO] app.ml.train_models: Class imbalance detected (minority ratio=0.23). Applying SMOTE to training data only.
2026-09-10 13:11:02,671 [INFO] app.ml.ablation: M3_demographic_training_recovery: {'accuracy': 0.7667, 'precision': 0.5, 'recall': 0.1786, 'f1_score': 0.2632, 'specificity': 0.9457, 'roc_auc': 0.6262, 'pr_auc': 0.3884, 'modality_configuration': 'M3_demographic_training_recovery', 'modalities': 'demographic+training+recovery'}
2026-09-10 13:11:02,905 [INFO] app.ml.train_models: Class imbalance detected (minority ratio=0.23). Applying SMOTE to training data only.
2026-09-10 13:11:04,826 [INFO] app.ml.ablation: M4_demographic_training_physiological: {'accuracy': 0.7417, 'precision': 0.4, 'recall': 0.2143, 'f1_score': 0.2791, 'specificity': 0.9022, 'roc_auc': 0.5959, 'pr_auc': 0.3878, 'modality_configuration': 'M4_demographic_training_physiological', 'modalities': 'demographic+training+physiological'}
2026-09-10 13:11:05,083 [INFO] app.ml.train_models: Class imbalance detected (minority ratio=0.23). Applying SMOTE to training data only.
2026-09-10 13:11:07,159 [INFO] app.ml.ablation: M5_demo_training_physio_recovery_lifestyle: {'accuracy': 0.75, 'precision': 0.4167, 'recall': 0.1786, 'f1_score': 0.25, 'specificity': 0.9239, 'roc_auc': 0.5637, 'pr_auc': 0.362, 'modality_configuration': 'M5_demo_training_physio_recovery_lifestyle', 'modalities': 'demographic+training+physiological+recovery+lifestyle'}
2026-09-10 13:11:07,398 [INFO] app.ml.train_models: Class imbalance detected (minority ratio=0.23). Applying SMOTE to training data only.
2026-09-10 13:11:09,545 [INFO] app.ml.ablation: M6_all_modalities: {'accuracy': 0.7583, 'precision': 0.4615, 'recall': 0.2143, 'f1_score': 0.2927, 'specificity': 0.9239, 'roc_auc': 0.5889, 'pr_auc': 0.384, 'modality_configuration': 'M6_all_modalities', 'modalities': 'demographic+training+physiological+recovery+lifestyle+injury_history'}
2026-09-10 13:13:51,230 [INFO] app.ml.train_models: Class imbalance detected (minority ratio=0.24). Applying SMOTE to training data only.
2026-09-10 13:14:30,271 [INFO] app.ml.hyperparameter_tuning: Best XGBoost params: {'colsample_bytree': np.float64(0.749816047538945), 'gamma': np.float64(4.75357153204958), 'learning_rate': np.float64(0.14907884894416698), 'max_depth': 7, 'min_child_weight': 5, 'n_estimators': 202, 'reg_alpha': np.float64(0.8916655057071823), 'reg_lambda': np.float64(0.19994983163600577), 'subsample': np.float64(0.7836995567863468)} (leak-free CV F1=0.1520)
2026-09-10 13:14:44,597 [INFO] app.ml.train_xgboost: Default XGBoost: {'accuracy': 0.758, 'precision': 0.4306, 'recall': 0.0654, 'f1_score': 0.1136, 'specificity': 0.9731, 'roc_auc': 0.6013, 'pr_auc': 0.3305}
2026-09-10 13:14:44,598 [INFO] app.ml.train_xgboost: Optimized XGBoost: {'accuracy': 0.758, 'precision': 0.4419, 'recall': 0.0802, 'f1_score': 0.1357, 'specificity': 0.9685, 'roc_auc': 0.6086, 'pr_auc': 0.3308}
2026-09-10 14:24:07,122 [INFO] httpx: HTTP Request: POST http://testserver/api/auth/register "HTTP/1.1 201 Created"
2026-09-10 14:24:07,402 [INFO] httpx: HTTP Request: POST http://testserver/api/auth/login "HTTP/1.1 200 OK"
2026-09-10 14:24:07,554 [INFO] httpx: HTTP Request: POST http://testserver/api/athletes "HTTP/1.1 201 Created"
2026-09-10 14:24:07,688 [INFO] httpx: HTTP Request: POST http://testserver/api/athletes/PYTEST-PRED-001/assessments "HTTP/1.1 201 Created"
2026-09-10 14:24:09,720 [INFO] httpx: HTTP Request: POST http://testserver/api/predictions "HTTP/1.1 201 Created"
2026-09-10 14:24:10,679 [INFO] httpx: HTTP Request: POST http://testserver/api/predictions "HTTP/1.1 201 Created"
2026-09-10 14:24:10,749 [INFO] httpx: HTTP Request: GET http://testserver/api/predictions/PRED-9119e1a46e4f "HTTP/1.1 200 OK"
2026-09-10 14:24:10,811 [INFO] httpx: HTTP Request: GET http://testserver/api/athletes/PYTEST-PRED-001/predictions "HTTP/1.1 200 OK"
2026-09-10 14:24:10,877 [INFO] httpx: HTTP Request: POST http://testserver/api/predictions "HTTP/1.1 404 Not Found"
2026-09-10 14:24:10,997 [INFO] httpx: HTTP Request: POST http://testserver/api/athletes "HTTP/1.1 201 Created"
2026-09-10 14:24:11,060 [INFO] httpx: HTTP Request: GET http://testserver/api/athletes/PYTEST-001 "HTTP/1.1 200 OK"
2026-09-10 14:24:11,186 [INFO] httpx: HTTP Request: POST http://testserver/api/athletes "HTTP/1.1 201 Created"
2026-09-10 14:24:11,390 [INFO] httpx: HTTP Request: POST http://testserver/api/athletes "HTTP/1.1 409 Conflict"
2026-09-10 14:24:11,521 [INFO] httpx: HTTP Request: POST http://testserver/api/athletes "HTTP/1.1 201 Created"
2026-09-10 14:24:11,619 [INFO] httpx: HTTP Request: PUT http://testserver/api/athletes/PYTEST-003 "HTTP/1.1 200 OK"
2026-09-10 14:24:11,761 [INFO] httpx: HTTP Request: POST http://testserver/api/athletes "HTTP/1.1 201 Created"
2026-09-10 14:24:11,824 [INFO] httpx: HTTP Request: DELETE http://testserver/api/athletes/PYTEST-004 "HTTP/1.1 204 No Content"
2026-09-10 14:24:11,885 [INFO] httpx: HTTP Request: GET http://testserver/api/athletes/PYTEST-004 "HTTP/1.1 404 Not Found"
2026-09-10 14:24:11,950 [INFO] httpx: HTTP Request: GET http://testserver/api/athletes/PYTEST-DOES-NOT-EXIST "HTTP/1.1 404 Not Found"
2026-09-10 14:24:11,990 [INFO] httpx: HTTP Request: POST http://testserver/api/athletes "HTTP/1.1 422 Unprocessable Entity"
2026-09-10 14:24:12,115 [INFO] httpx: HTTP Request: POST http://testserver/api/athletes "HTTP/1.1 201 Created"
2026-09-10 14:24:12,233 [INFO] httpx: HTTP Request: POST http://testserver/api/athletes "HTTP/1.1 201 Created"
2026-09-10 14:24:12,539 [INFO] httpx: HTTP Request: POST http://testserver/api/auth/register "HTTP/1.1 201 Created"
2026-09-10 14:24:12,832 [INFO] httpx: HTTP Request: POST http://testserver/api/auth/login "HTTP/1.1 200 OK"
2026-09-10 14:24:13,142 [INFO] httpx: HTTP Request: POST http://testserver/api/auth/register "HTTP/1.1 201 Created"
2026-09-10 14:24:13,451 [INFO] httpx: HTTP Request: POST http://testserver/api/auth/login "HTTP/1.1 401 Unauthorized"
2026-09-10 14:24:13,770 [INFO] httpx: HTTP Request: POST http://testserver/api/auth/register "HTTP/1.1 201 Created"
2026-09-10 14:24:13,805 [INFO] httpx: HTTP Request: POST http://testserver/api/auth/register "HTTP/1.1 409 Conflict"
2026-09-10 14:24:13,814 [INFO] httpx: HTTP Request: GET http://testserver/api/auth/me "HTTP/1.1 401 Unauthorized"
2026-09-10 14:24:13,854 [INFO] httpx: HTTP Request: GET http://testserver/api/auth/me "HTTP/1.1 200 OK"
2026-09-10 14:24:14,201 [INFO] httpx: HTTP Request: POST http://testserver/api/auth/register "HTTP/1.1 201 Created"
2026-09-10 14:24:14,264 [INFO] app.services.auth_service: [SIMULATED PASSWORD RESET] username=pytest_forgot link=http://localhost:5173/reset-password?token=x265V78s_6VdWt81bi4F71rIXP_73Iz2eTEWp83jeh8
2026-09-10 14:24:14,271 [INFO] httpx: HTTP Request: POST http://testserver/api/auth/forgot-password "HTTP/1.1 200 OK"
2026-09-10 14:24:14,588 [INFO] httpx: HTTP Request: POST http://testserver/api/auth/reset-password "HTTP/1.1 200 OK"
2026-09-10 14:24:14,869 [INFO] httpx: HTTP Request: POST http://testserver/api/auth/login "HTTP/1.1 401 Unauthorized"
2026-09-10 14:24:15,141 [INFO] httpx: HTTP Request: POST http://testserver/api/auth/login "HTTP/1.1 200 OK"
2026-09-10 14:24:15,185 [INFO] httpx: HTTP Request: POST http://testserver/api/auth/reset-password "HTTP/1.1 400 Bad Request"
2026-09-10 14:24:15,220 [INFO] httpx: HTTP Request: POST http://testserver/api/auth/forgot-password "HTTP/1.1 200 OK"
2026-09-10 14:24:15,256 [INFO] httpx: HTTP Request: POST http://testserver/api/auth/reset-password "HTTP/1.1 400 Bad Request"
2026-09-10 14:24:15,565 [INFO] httpx: HTTP Request: POST http://testserver/api/auth/register "HTTP/1.1 201 Created"
2026-09-10 14:24:15,846 [INFO] httpx: HTTP Request: POST http://testserver/api/auth/login "HTTP/1.1 200 OK"
2026-09-10 14:24:15,964 [INFO] httpx: HTTP Request: POST http://testserver/api/athletes "HTTP/1.1 201 Created"
2026-09-10 14:24:16,029 [INFO] httpx: HTTP Request: GET http://testserver/api/athletes "HTTP/1.1 200 OK"
2026-09-10 14:24:16,091 [INFO] httpx: HTTP Request: GET http://testserver/api/athletes "HTTP/1.1 200 OK"
2026-09-10 14:24:16,138 [INFO] httpx: HTTP Request: POST http://testserver/api/auth/register "HTTP/1.1 409 Conflict"
2026-09-10 14:24:16,408 [INFO] httpx: HTTP Request: POST http://testserver/api/auth/login "HTTP/1.1 200 OK"
2026-09-10 14:24:16,526 [INFO] httpx: HTTP Request: POST http://testserver/api/athletes "HTTP/1.1 201 Created"
2026-09-10 14:24:16,589 [INFO] httpx: HTTP Request: GET http://testserver/api/athletes/PYTEST-ISO-002 "HTTP/1.1 200 OK"
2026-09-10 14:24:16,648 [INFO] httpx: HTTP Request: GET http://testserver/api/athletes/PYTEST-ISO-002 "HTTP/1.1 404 Not Found"
2026-09-10 14:24:16,681 [INFO] httpx: HTTP Request: POST http://testserver/api/auth/register "HTTP/1.1 409 Conflict"
2026-09-10 14:24:16,935 [INFO] httpx: HTTP Request: POST http://testserver/api/auth/login "HTTP/1.1 200 OK"
2026-09-10 14:24:17,054 [INFO] httpx: HTTP Request: POST http://testserver/api/athletes "HTTP/1.1 201 Created"
2026-09-10 14:24:17,233 [INFO] httpx: HTTP Request: POST http://testserver/api/predictions "HTTP/1.1 201 Created"
2026-09-10 14:24:17,298 [INFO] httpx: HTTP Request: GET http://testserver/api/predictions/PRED-65576efb562d "HTTP/1.1 200 OK"
2026-09-10 14:24:17,362 [INFO] httpx: HTTP Request: GET http://testserver/api/predictions/PRED-65576efb562d "HTTP/1.1 404 Not Found"
2026-09-10 14:24:17,438 [INFO] httpx: HTTP Request: GET http://testserver/api/predictions "HTTP/1.1 200 OK"
2026-09-10 14:24:17,713 [INFO] httpx: HTTP Request: GET http://testserver/api/dashboard/stats "HTTP/1.1 200 OK"
2026-09-10 14:24:17,821 [INFO] httpx: HTTP Request: POST http://testserver/api/datasets/upload "HTTP/1.1 200 OK"
2026-09-10 14:24:17,896 [INFO] httpx: HTTP Request: POST http://testserver/api/datasets/DS-f4df7c4aed1a/validate "HTTP/1.1 200 OK"
2026-09-10 14:24:17,970 [INFO] httpx: HTTP Request: POST http://testserver/api/datasets/DS-f4df7c4aed1a/process "HTTP/1.1 200 OK"
2026-09-10 14:24:18,070 [INFO] httpx: HTTP Request: POST http://testserver/api/datasets/DS-f4df7c4aed1a/select-for-training "HTTP/1.1 200 OK"
2026-09-10 14:24:18,136 [INFO] httpx: HTTP Request: GET http://testserver/api/datasets/training-selection "HTTP/1.1 200 OK"
2026-09-10 14:24:18,231 [INFO] httpx: HTTP Request: POST http://testserver/api/datasets/reset-training-selection "HTTP/1.1 200 OK"
2026-09-10 14:24:18,367 [INFO] httpx: HTTP Request: GET http://testserver/api/health "HTTP/1.1 200 OK"
2026-09-10 14:24:18,450 [INFO] app.ml.train_models: Class imbalance detected (minority ratio=0.23). Applying SMOTE to training data only.
2026-09-10 14:24:25,215 [INFO] app.ml.hyperparameter_tuning: Best XGBoost params: {'colsample_bytree': np.float64(0.6733618039413735), 'gamma': np.float64(1.5212112147976886), 'learning_rate': np.float64(0.10970372201012518), 'max_depth': 6, 'min_child_weight': 9, 'n_estimators': 148, 'reg_alpha': np.float64(1.0495493205167783), 'reg_lambda': np.float64(0.799721943430511), 'subsample': np.float64(0.6186662652854461)} (leak-free CV F1=0.3270)
2026-09-10 14:24:25,261 [INFO] app.ml.train_models: Class imbalance detected (minority ratio=0.23). Applying SMOTE to training data only.
2026-09-10 14:24:25,390 [INFO] app.ml.ablation: M1_demographic: {'accuracy': 0.6583, 'precision': 0.2593, 'recall': 0.25, 'f1_score': 0.2545, 'specificity': 0.7826, 'roc_auc': 0.5353, 'pr_auc': 0.2821, 'modality_configuration': 'M1_demographic', 'modalities': 'demographic'}
2026-09-10 14:24:25,428 [INFO] app.ml.train_models: Class imbalance detected (minority ratio=0.23). Applying SMOTE to training data only.
2026-09-10 14:24:25,652 [INFO] app.ml.ablation: M2_demographic_training: {'accuracy': 0.7583, 'precision': 0.4706, 'recall': 0.2857, 'f1_score': 0.3556, 'specificity': 0.9022, 'roc_auc': 0.6238, 'pr_auc': 0.424, 'modality_configuration': 'M2_demographic_training', 'modalities': 'demographic+training'}
2026-09-10 14:24:25,692 [INFO] app.ml.train_models: Class imbalance detected (minority ratio=0.23). Applying SMOTE to training data only.
2026-09-10 14:24:25,956 [INFO] app.ml.ablation: M3_demographic_training_recovery: {'accuracy': 0.7667, 'precision': 0.5, 'recall': 0.1786, 'f1_score': 0.2632, 'specificity': 0.9457, 'roc_auc': 0.6262, 'pr_auc': 0.3884, 'modality_configuration': 'M3_demographic_training_recovery', 'modalities': 'demographic+training+recovery'}
2026-09-10 14:24:26,008 [INFO] app.ml.train_models: Class imbalance detected (minority ratio=0.23). Applying SMOTE to training data only.
2026-09-10 14:24:26,263 [INFO] app.ml.ablation: M4_demographic_training_physiological: {'accuracy': 0.7417, 'precision': 0.4, 'recall': 0.2143, 'f1_score': 0.2791, 'specificity': 0.9022, 'roc_auc': 0.5959, 'pr_auc': 0.3878, 'modality_configuration': 'M4_demographic_training_physiological', 'modalities': 'demographic+training+physiological'}
2026-09-10 14:24:26,304 [INFO] app.ml.train_models: Class imbalance detected (minority ratio=0.23). Applying SMOTE to training data only.
2026-09-10 14:24:26,646 [INFO] app.ml.ablation: M5_demo_training_physio_recovery_lifestyle: {'accuracy': 0.75, 'precision': 0.4167, 'recall': 0.1786, 'f1_score': 0.25, 'specificity': 0.9239, 'roc_auc': 0.5637, 'pr_auc': 0.362, 'modality_configuration': 'M5_demo_training_physio_recovery_lifestyle', 'modalities': 'demographic+training+physiological+recovery+lifestyle'}
2026-09-10 14:24:26,688 [INFO] app.ml.train_models: Class imbalance detected (minority ratio=0.23). Applying SMOTE to training data only.
2026-09-10 14:24:26,985 [INFO] app.ml.ablation: M6_all_modalities: {'accuracy': 0.7583, 'precision': 0.4615, 'recall': 0.2143, 'f1_score': 0.2927, 'specificity': 0.9239, 'roc_auc': 0.5889, 'pr_auc': 0.384, 'modality_configuration': 'M6_all_modalities', 'modalities': 'demographic+training+physiological+recovery+lifestyle+injury_history'}
2026-09-10 16:40:57,405 [INFO] app.main: Explainable Injury AI API starting up.
2026-09-10 16:40:57,504 [INFO] app.database.mongodb: MongoDB indexes ensured.
2026-09-10 16:44:08,951 [INFO] app.main: Explainable Injury AI API starting up.
2026-09-10 16:44:09,645 [INFO] app.database.mongodb: MongoDB indexes ensured.
2026-09-10 16:54:37,914 [INFO] app.main: Explainable Injury AI API starting up.
2026-09-10 16:54:40,281 [INFO] app.database.mongodb: MongoDB indexes ensured.
2026-09-10 16:54:50,838 [INFO] app.main: Explainable Injury AI API starting up.
2026-09-10 16:54:51,453 [INFO] app.database.mongodb: MongoDB indexes ensured.
2026-09-10 16:54:59,852 [INFO] app.main: Explainable Injury AI API starting up.
2026-09-10 16:55:00,430 [INFO] app.database.mongodb: MongoDB indexes ensured.
2026-09-10 16:55:13,189 [INFO] httpx: HTTP Request: POST http://testserver/api/auth/register "HTTP/1.1 201 Created"
2026-09-10 16:55:14,021 [INFO] httpx: HTTP Request: POST http://testserver/api/auth/login "HTTP/1.1 200 OK"
2026-09-10 16:55:14,177 [INFO] httpx: HTTP Request: POST http://testserver/api/athletes "HTTP/1.1 201 Created"
2026-09-10 16:55:14,335 [INFO] httpx: HTTP Request: POST http://testserver/api/athletes/PYTEST-PRED-001/assessments "HTTP/1.1 201 Created"
2026-09-10 16:55:17,131 [INFO] httpx: HTTP Request: POST http://testserver/api/predictions "HTTP/1.1 201 Created"
2026-09-10 16:55:18,091 [INFO] httpx: HTTP Request: POST http://testserver/api/predictions "HTTP/1.1 201 Created"
2026-09-10 16:55:18,168 [INFO] httpx: HTTP Request: GET http://testserver/api/predictions/PRED-27b47d0e503d "HTTP/1.1 200 OK"
2026-09-10 16:55:18,249 [INFO] httpx: HTTP Request: GET http://testserver/api/athletes/PYTEST-PRED-001/predictions "HTTP/1.1 200 OK"
2026-09-10 16:55:18,364 [INFO] httpx: HTTP Request: POST http://testserver/api/predictions "HTTP/1.1 404 Not Found"
2026-09-10 16:55:18,498 [INFO] httpx: HTTP Request: POST http://testserver/api/athletes "HTTP/1.1 201 Created"
2026-09-10 16:55:18,573 [INFO] httpx: HTTP Request: GET http://testserver/api/athletes/PYTEST-001 "HTTP/1.1 200 OK"
2026-09-10 16:55:18,724 [INFO] httpx: HTTP Request: POST http://testserver/api/athletes "HTTP/1.1 201 Created"
2026-09-10 16:55:19,059 [INFO] httpx: HTTP Request: POST http://testserver/api/athletes "HTTP/1.1 409 Conflict"
2026-09-10 16:55:19,203 [INFO] httpx: HTTP Request: POST http://testserver/api/athletes "HTTP/1.1 201 Created"
2026-09-10 16:55:19,312 [INFO] httpx: HTTP Request: PUT http://testserver/api/athletes/PYTEST-003 "HTTP/1.1 200 OK"
2026-09-10 16:55:19,455 [INFO] httpx: HTTP Request: POST http://testserver/api/athletes "HTTP/1.1 201 Created"
2026-09-10 16:55:19,536 [INFO] httpx: HTTP Request: DELETE http://testserver/api/athletes/PYTEST-004 "HTTP/1.1 204 No Content"
2026-09-10 16:55:19,613 [INFO] httpx: HTTP Request: GET http://testserver/api/athletes/PYTEST-004 "HTTP/1.1 404 Not Found"
2026-09-10 16:55:19,694 [INFO] httpx: HTTP Request: GET http://testserver/api/athletes/PYTEST-DOES-NOT-EXIST "HTTP/1.1 404 Not Found"
2026-09-10 16:55:19,757 [INFO] httpx: HTTP Request: POST http://testserver/api/athletes "HTTP/1.1 422 Unprocessable Entity"
2026-09-10 16:55:19,912 [INFO] httpx: HTTP Request: POST http://testserver/api/athletes "HTTP/1.1 201 Created"
2026-09-10 16:55:20,050 [INFO] httpx: HTTP Request: POST http://testserver/api/athletes "HTTP/1.1 201 Created"
2026-09-10 16:55:20,889 [INFO] httpx: HTTP Request: POST http://testserver/api/auth/register "HTTP/1.1 201 Created"
2026-09-10 16:55:21,654 [INFO] httpx: HTTP Request: POST http://testserver/api/auth/login "HTTP/1.1 200 OK"
2026-09-10 16:55:22,462 [INFO] httpx: HTTP Request: POST http://testserver/api/auth/register "HTTP/1.1 201 Created"
2026-09-10 16:55:23,213 [INFO] httpx: HTTP Request: POST http://testserver/api/auth/login "HTTP/1.1 401 Unauthorized"
2026-09-10 16:55:23,979 [INFO] httpx: HTTP Request: POST http://testserver/api/auth/register "HTTP/1.1 201 Created"
2026-09-10 16:55:24,026 [INFO] httpx: HTTP Request: POST http://testserver/api/auth/register "HTTP/1.1 409 Conflict"
2026-09-10 16:55:24,049 [INFO] httpx: HTTP Request: GET http://testserver/api/auth/me "HTTP/1.1 401 Unauthorized"
2026-09-10 16:55:24,104 [INFO] httpx: HTTP Request: GET http://testserver/api/auth/me "HTTP/1.1 200 OK"
2026-09-10 16:55:24,780 [INFO] httpx: HTTP Request: POST http://testserver/api/auth/register "HTTP/1.1 201 Created"
2026-09-10 16:55:24,853 [INFO] app.services.auth_service: [SIMULATED PASSWORD RESET] username=pytest_forgot link=http://localhost:5173/reset-password?token=tgp_44Zuxwax61ZxRlt2dBY-69zs3Z2-7bCAmMpaUZI
2026-09-10 16:55:24,860 [INFO] httpx: HTTP Request: POST http://testserver/api/auth/forgot-password "HTTP/1.1 200 OK"
2026-09-10 16:55:25,585 [INFO] httpx: HTTP Request: POST http://testserver/api/auth/reset-password "HTTP/1.1 200 OK"
2026-09-10 16:55:26,341 [INFO] httpx: HTTP Request: POST http://testserver/api/auth/login "HTTP/1.1 401 Unauthorized"
2026-09-10 16:55:27,239 [INFO] httpx: HTTP Request: POST http://testserver/api/auth/login "HTTP/1.1 200 OK"
2026-09-10 16:55:27,282 [INFO] httpx: HTTP Request: POST http://testserver/api/auth/reset-password "HTTP/1.1 400 Bad Request"
2026-09-10 16:55:27,337 [INFO] httpx: HTTP Request: POST http://testserver/api/auth/forgot-password "HTTP/1.1 200 OK"
2026-09-10 16:55:27,397 [INFO] httpx: HTTP Request: POST http://testserver/api/auth/reset-password "HTTP/1.1 400 Bad Request"
2026-09-10 16:55:28,151 [INFO] httpx: HTTP Request: POST http://testserver/api/auth/register "HTTP/1.1 201 Created"
2026-09-10 16:55:28,919 [INFO] httpx: HTTP Request: POST http://testserver/api/auth/login "HTTP/1.1 200 OK"
2026-09-10 16:55:29,057 [INFO] httpx: HTTP Request: POST http://testserver/api/athletes "HTTP/1.1 201 Created"
2026-09-10 16:55:29,135 [INFO] httpx: HTTP Request: GET http://testserver/api/athletes "HTTP/1.1 200 OK"
2026-09-10 16:55:29,212 [INFO] httpx: HTTP Request: GET http://testserver/api/athletes "HTTP/1.1 200 OK"
2026-09-10 16:55:29,263 [INFO] httpx: HTTP Request: POST http://testserver/api/auth/register "HTTP/1.1 409 Conflict"
2026-09-10 16:55:29,969 [INFO] httpx: HTTP Request: POST http://testserver/api/auth/login "HTTP/1.1 200 OK"
2026-09-10 16:55:30,110 [INFO] httpx: HTTP Request: POST http://testserver/api/athletes "HTTP/1.1 201 Created"
2026-09-10 16:55:30,181 [INFO] httpx: HTTP Request: GET http://testserver/api/athletes/PYTEST-ISO-002 "HTTP/1.1 200 OK"
2026-09-10 16:55:30,249 [INFO] httpx: HTTP Request: GET http://testserver/api/athletes/PYTEST-ISO-002 "HTTP/1.1 404 Not Found"
2026-09-10 16:55:30,291 [INFO] httpx: HTTP Request: POST http://testserver/api/auth/register "HTTP/1.1 409 Conflict"
2026-09-10 16:55:30,764 [INFO] httpx: HTTP Request: POST http://testserver/api/auth/login "HTTP/1.1 200 OK"
2026-09-10 16:55:30,890 [INFO] httpx: HTTP Request: POST http://testserver/api/athletes "HTTP/1.1 201 Created"
2026-09-10 16:55:31,072 [INFO] httpx: HTTP Request: POST http://testserver/api/predictions "HTTP/1.1 201 Created"
2026-09-10 16:55:31,136 [INFO] httpx: HTTP Request: GET http://testserver/api/predictions/PRED-44d9b76625c8 "HTTP/1.1 200 OK"
2026-09-10 16:55:31,198 [INFO] httpx: HTTP Request: GET http://testserver/api/predictions/PRED-44d9b76625c8 "HTTP/1.1 404 Not Found"
2026-09-10 16:55:31,264 [INFO] httpx: HTTP Request: GET http://testserver/api/predictions "HTTP/1.1 200 OK"
2026-09-10 16:55:31,540 [INFO] httpx: HTTP Request: GET http://testserver/api/dashboard/stats "HTTP/1.1 200 OK"
2026-09-10 16:55:31,684 [INFO] httpx: HTTP Request: POST http://testserver/api/datasets/upload "HTTP/1.1 200 OK"
2026-09-10 16:55:31,795 [INFO] httpx: HTTP Request: POST http://testserver/api/datasets/DS-b88ac0b76be9/validate "HTTP/1.1 200 OK"
2026-09-10 16:55:31,903 [INFO] httpx: HTTP Request: POST http://testserver/api/datasets/DS-b88ac0b76be9/process "HTTP/1.1 200 OK"
2026-09-10 16:55:32,006 [INFO] httpx: HTTP Request: POST http://testserver/api/datasets/DS-b88ac0b76be9/select-for-training "HTTP/1.1 200 OK"
2026-09-10 16:55:32,068 [INFO] httpx: HTTP Request: GET http://testserver/api/datasets/training-selection "HTTP/1.1 200 OK"
2026-09-10 16:55:32,156 [INFO] httpx: HTTP Request: POST http://testserver/api/datasets/reset-training-selection "HTTP/1.1 200 OK"
2026-09-10 16:55:32,340 [INFO] httpx: HTTP Request: GET http://testserver/api/health "HTTP/1.1 200 OK"
2026-09-10 16:55:32,475 [INFO] app.ml.train_models: Class imbalance detected (minority ratio=0.23). Applying SMOTE to training data only.
2026-09-10 16:55:52,173 [INFO] app.ml.hyperparameter_tuning: Best XGBoost params: {'colsample_bytree': np.float64(0.6733618039413735), 'gamma': np.float64(1.5212112147976886), 'learning_rate': np.float64(0.10970372201012518), 'max_depth': 6, 'min_child_weight': 9, 'n_estimators': 148, 'reg_alpha': np.float64(1.0495493205167783), 'reg_lambda': np.float64(0.799721943430511), 'subsample': np.float64(0.6186662652854461)} (leak-free CV F1=0.3270)
2026-09-10 16:55:52,599 [INFO] app.ml.train_models: Class imbalance detected (minority ratio=0.23). Applying SMOTE to training data only.
2026-09-10 16:55:53,996 [INFO] app.ml.ablation: M1_demographic: {'accuracy': 0.6583, 'precision': 0.2593, 'recall': 0.25, 'f1_score': 0.2545, 'specificity': 0.7826, 'roc_auc': 0.5353, 'pr_auc': 0.2821, 'modality_configuration': 'M1_demographic', 'modalities': 'demographic'}
2026-09-10 16:55:54,205 [INFO] app.ml.train_models: Class imbalance detected (minority ratio=0.23). Applying SMOTE to training data only.
2026-09-10 16:55:57,125 [INFO] app.ml.ablation: M2_demographic_training: {'accuracy': 0.7583, 'precision': 0.4706, 'recall': 0.2857, 'f1_score': 0.3556, 'specificity': 0.9022, 'roc_auc': 0.6238, 'pr_auc': 0.424, 'modality_configuration': 'M2_demographic_training', 'modalities': 'demographic+training'}
2026-09-10 16:55:57,407 [INFO] app.ml.train_models: Class imbalance detected (minority ratio=0.23). Applying SMOTE to training data only.
2026-09-10 16:55:59,601 [INFO] app.ml.ablation: M3_demographic_training_recovery: {'accuracy': 0.7667, 'precision': 0.5, 'recall': 0.1786, 'f1_score': 0.2632, 'specificity': 0.9457, 'roc_auc': 0.6262, 'pr_auc': 0.3884, 'modality_configuration': 'M3_demographic_training_recovery', 'modalities': 'demographic+training+recovery'}
2026-09-10 16:55:59,826 [INFO] app.ml.train_models: Class imbalance detected (minority ratio=0.23). Applying SMOTE to training data only.
2026-09-10 16:56:01,486 [INFO] app.ml.ablation: M4_demographic_training_physiological: {'accuracy': 0.7417, 'precision': 0.4, 'recall': 0.2143, 'f1_score': 0.2791, 'specificity': 0.9022, 'roc_auc': 0.5959, 'pr_auc': 0.3878, 'modality_configuration': 'M4_demographic_training_physiological', 'modalities': 'demographic+training+physiological'}
2026-09-10 16:56:01,663 [INFO] app.ml.train_models: Class imbalance detected (minority ratio=0.23). Applying SMOTE to training data only.
2026-09-10 16:56:03,160 [INFO] app.ml.ablation: M5_demo_training_physio_recovery_lifestyle: {'accuracy': 0.75, 'precision': 0.4167, 'recall': 0.1786, 'f1_score': 0.25, 'specificity': 0.9239, 'roc_auc': 0.5637, 'pr_auc': 0.362, 'modality_configuration': 'M5_demo_training_physio_recovery_lifestyle', 'modalities': 'demographic+training+physiological+recovery+lifestyle'}
2026-09-10 16:56:03,329 [INFO] app.ml.train_models: Class imbalance detected (minority ratio=0.23). Applying SMOTE to training data only.
2026-09-10 16:56:05,211 [INFO] app.ml.ablation: M6_all_modalities: {'accuracy': 0.7583, 'precision': 0.4615, 'recall': 0.2143, 'f1_score': 0.2927, 'specificity': 0.9239, 'roc_auc': 0.5889, 'pr_auc': 0.384, 'modality_configuration': 'M6_all_modalities', 'modalities': 'demographic+training+physiological+recovery+lifestyle+injury_history'}
2026-09-10 17:53:47,295 [INFO] httpx: HTTP Request: POST http://testserver/api/auth/register "HTTP/1.1 201 Created"
2026-09-10 17:53:47,565 [INFO] httpx: HTTP Request: POST http://testserver/api/auth/login "HTTP/1.1 200 OK"
2026-09-10 17:53:47,691 [INFO] httpx: HTTP Request: POST http://testserver/api/athletes "HTTP/1.1 201 Created"
2026-09-10 17:53:47,822 [INFO] httpx: HTTP Request: POST http://testserver/api/athletes/PYTEST-PRED-001/assessments "HTTP/1.1 201 Created"
2026-09-10 17:53:48,461 [INFO] httpx: HTTP Request: POST http://testserver/api/predictions "HTTP/1.1 201 Created"
2026-09-10 17:53:49,431 [INFO] httpx: HTTP Request: POST http://testserver/api/predictions "HTTP/1.1 201 Created"
2026-09-10 17:53:49,494 [INFO] httpx: HTTP Request: GET http://testserver/api/predictions/PRED-0e1bd3aff404 "HTTP/1.1 200 OK"
2026-09-10 17:53:49,559 [INFO] httpx: HTTP Request: GET http://testserver/api/athletes/PYTEST-PRED-001/predictions "HTTP/1.1 200 OK"
2026-09-10 17:53:49,625 [INFO] httpx: HTTP Request: POST http://testserver/api/predictions "HTTP/1.1 404 Not Found"
2026-09-10 17:53:49,756 [INFO] httpx: HTTP Request: POST http://testserver/api/athletes "HTTP/1.1 201 Created"
2026-09-10 17:53:50,072 [INFO] httpx: HTTP Request: GET http://testserver/api/athletes/PYTEST-001 "HTTP/1.1 200 OK"
2026-09-10 17:53:50,205 [INFO] httpx: HTTP Request: POST http://testserver/api/athletes "HTTP/1.1 201 Created"
2026-09-10 17:53:50,393 [INFO] httpx: HTTP Request: POST http://testserver/api/athletes "HTTP/1.1 409 Conflict"
2026-09-10 17:53:50,516 [INFO] httpx: HTTP Request: POST http://testserver/api/athletes "HTTP/1.1 201 Created"
2026-09-10 17:53:50,612 [INFO] httpx: HTTP Request: PUT http://testserver/api/athletes/PYTEST-003 "HTTP/1.1 200 OK"
2026-09-10 17:53:50,748 [INFO] httpx: HTTP Request: POST http://testserver/api/athletes "HTTP/1.1 201 Created"
2026-09-10 17:53:50,821 [INFO] httpx: HTTP Request: DELETE http://testserver/api/athletes/PYTEST-004 "HTTP/1.1 204 No Content"
2026-09-10 17:53:50,889 [INFO] httpx: HTTP Request: GET http://testserver/api/athletes/PYTEST-004 "HTTP/1.1 404 Not Found"
2026-09-10 17:53:50,960 [INFO] httpx: HTTP Request: GET http://testserver/api/athletes/PYTEST-DOES-NOT-EXIST "HTTP/1.1 404 Not Found"
2026-09-10 17:53:51,007 [INFO] httpx: HTTP Request: POST http://testserver/api/athletes "HTTP/1.1 422 Unprocessable Entity"
2026-09-10 17:53:51,133 [INFO] httpx: HTTP Request: POST http://testserver/api/athletes "HTTP/1.1 201 Created"
2026-09-10 17:53:51,261 [INFO] httpx: HTTP Request: POST http://testserver/api/athletes "HTTP/1.1 201 Created"
2026-09-10 17:53:51,545 [INFO] httpx: HTTP Request: POST http://testserver/api/auth/register "HTTP/1.1 201 Created"
2026-09-10 17:53:51,794 [INFO] httpx: HTTP Request: POST http://testserver/api/auth/login "HTTP/1.1 200 OK"
2026-09-10 17:53:52,075 [INFO] httpx: HTTP Request: POST http://testserver/api/auth/register "HTTP/1.1 201 Created"
2026-09-10 17:53:52,325 [INFO] httpx: HTTP Request: POST http://testserver/api/auth/login "HTTP/1.1 401 Unauthorized"
2026-09-10 17:53:52,606 [INFO] httpx: HTTP Request: POST http://testserver/api/auth/register "HTTP/1.1 201 Created"
2026-09-10 17:53:52,643 [INFO] httpx: HTTP Request: POST http://testserver/api/auth/register "HTTP/1.1 409 Conflict"
2026-09-10 17:53:52,650 [INFO] httpx: HTTP Request: GET http://testserver/api/auth/me "HTTP/1.1 401 Unauthorized"
2026-09-10 17:53:52,686 [INFO] httpx: HTTP Request: GET http://testserver/api/auth/me "HTTP/1.1 200 OK"
2026-09-10 17:53:52,983 [INFO] httpx: HTTP Request: POST http://testserver/api/auth/register "HTTP/1.1 201 Created"
2026-09-10 17:53:53,044 [INFO] app.services.auth_service: [SIMULATED PASSWORD RESET] username=pytest_forgot link=http://localhost:5173/reset-password?token=O3audSZNRGhg287J1TyFIO-rgdM1q-0PWCqz0ZuoSHI
2026-09-10 17:53:53,048 [INFO] httpx: HTTP Request: POST http://testserver/api/auth/forgot-password "HTTP/1.1 200 OK"
2026-09-10 17:53:53,329 [INFO] httpx: HTTP Request: POST http://testserver/api/auth/reset-password "HTTP/1.1 200 OK"
2026-09-10 17:53:53,590 [INFO] httpx: HTTP Request: POST http://testserver/api/auth/login "HTTP/1.1 401 Unauthorized"
2026-09-10 17:53:53,842 [INFO] httpx: HTTP Request: POST http://testserver/api/auth/login "HTTP/1.1 200 OK"
2026-09-10 17:53:53,873 [INFO] httpx: HTTP Request: POST http://testserver/api/auth/reset-password "HTTP/1.1 400 Bad Request"
2026-09-10 17:53:53,910 [INFO] httpx: HTTP Request: POST http://testserver/api/auth/forgot-password "HTTP/1.1 200 OK"
2026-09-10 17:53:53,945 [INFO] httpx: HTTP Request: POST http://testserver/api/auth/reset-password "HTTP/1.1 400 Bad Request"
2026-09-10 17:53:54,240 [INFO] httpx: HTTP Request: POST http://testserver/api/auth/register "HTTP/1.1 201 Created"
2026-09-10 17:53:54,490 [INFO] httpx: HTTP Request: POST http://testserver/api/auth/login "HTTP/1.1 200 OK"
2026-09-10 17:53:54,610 [INFO] httpx: HTTP Request: POST http://testserver/api/athletes "HTTP/1.1 201 Created"
2026-09-10 17:53:54,681 [INFO] httpx: HTTP Request: GET http://testserver/api/athletes "HTTP/1.1 200 OK"
2026-09-10 17:53:54,748 [INFO] httpx: HTTP Request: GET http://testserver/api/athletes "HTTP/1.1 200 OK"
2026-09-10 17:53:54,786 [INFO] httpx: HTTP Request: POST http://testserver/api/auth/register "HTTP/1.1 409 Conflict"
2026-09-10 17:53:55,046 [INFO] httpx: HTTP Request: POST http://testserver/api/auth/login "HTTP/1.1 200 OK"
2026-09-10 17:53:55,171 [INFO] httpx: HTTP Request: POST http://testserver/api/athletes "HTTP/1.1 201 Created"
2026-09-10 17:53:55,236 [INFO] httpx: HTTP Request: GET http://testserver/api/athletes/PYTEST-ISO-002 "HTTP/1.1 200 OK"
2026-09-10 17:53:55,297 [INFO] httpx: HTTP Request: GET http://testserver/api/athletes/PYTEST-ISO-002 "HTTP/1.1 404 Not Found"
2026-09-10 17:53:55,330 [INFO] httpx: HTTP Request: POST http://testserver/api/auth/register "HTTP/1.1 409 Conflict"
2026-09-10 17:53:55,581 [INFO] httpx: HTTP Request: POST http://testserver/api/auth/login "HTTP/1.1 200 OK"
2026-09-10 17:53:55,720 [INFO] httpx: HTTP Request: POST http://testserver/api/athletes "HTTP/1.1 201 Created"
2026-09-10 17:53:55,907 [INFO] httpx: HTTP Request: POST http://testserver/api/predictions "HTTP/1.1 201 Created"
2026-09-10 17:53:55,981 [INFO] httpx: HTTP Request: GET http://testserver/api/predictions/PRED-1701b6b0a2c7 "HTTP/1.1 200 OK"
2026-09-10 17:53:56,045 [INFO] httpx: HTTP Request: GET http://testserver/api/predictions/PRED-1701b6b0a2c7 "HTTP/1.1 404 Not Found"
2026-09-10 17:53:56,106 [INFO] httpx: HTTP Request: GET http://testserver/api/predictions "HTTP/1.1 200 OK"
2026-09-10 17:53:56,385 [INFO] httpx: HTTP Request: GET http://testserver/api/dashboard/stats "HTTP/1.1 200 OK"
2026-09-10 17:53:56,496 [INFO] httpx: HTTP Request: POST http://testserver/api/datasets/upload "HTTP/1.1 200 OK"
2026-09-10 17:53:56,565 [INFO] httpx: HTTP Request: POST http://testserver/api/datasets/DS-9d72568f4e8a/validate "HTTP/1.1 200 OK"
2026-09-10 17:53:56,636 [INFO] httpx: HTTP Request: POST http://testserver/api/datasets/DS-9d72568f4e8a/process "HTTP/1.1 200 OK"
2026-09-10 17:53:56,735 [INFO] httpx: HTTP Request: POST http://testserver/api/datasets/DS-9d72568f4e8a/select-for-training "HTTP/1.1 200 OK"
2026-09-10 17:53:56,796 [INFO] httpx: HTTP Request: GET http://testserver/api/datasets/training-selection "HTTP/1.1 200 OK"
2026-09-10 17:53:56,891 [INFO] httpx: HTTP Request: POST http://testserver/api/datasets/reset-training-selection "HTTP/1.1 200 OK"
2026-09-10 17:53:57,059 [INFO] httpx: HTTP Request: GET http://testserver/api/health "HTTP/1.1 200 OK"
2026-09-10 17:53:57,128 [INFO] app.ml.train_models: Class imbalance detected (minority ratio=0.23). Applying SMOTE to training data only.
2026-09-10 17:54:06,248 [INFO] app.ml.hyperparameter_tuning: Best XGBoost params: {'colsample_bytree': np.float64(0.6733618039413735), 'gamma': np.float64(1.5212112147976886), 'learning_rate': np.float64(0.10970372201012518), 'max_depth': 6, 'min_child_weight': 9, 'n_estimators': 148, 'reg_alpha': np.float64(1.0495493205167783), 'reg_lambda': np.float64(0.799721943430511), 'subsample': np.float64(0.6186662652854461)} (leak-free CV F1=0.3270)
2026-09-10 17:54:06,395 [INFO] app.ml.train_models: Class imbalance detected (minority ratio=0.23). Applying SMOTE to training data only.
2026-09-10 17:54:06,560 [INFO] app.ml.ablation: M1_demographic: {'accuracy': 0.6583, 'precision': 0.2593, 'recall': 0.25, 'f1_score': 0.2545, 'specificity': 0.7826, 'roc_auc': 0.5353, 'pr_auc': 0.2821, 'modality_configuration': 'M1_demographic', 'modalities': 'demographic'}
2026-09-10 17:54:06,602 [INFO] app.ml.train_models: Class imbalance detected (minority ratio=0.23). Applying SMOTE to training data only.
2026-09-10 17:54:06,798 [INFO] app.ml.ablation: M2_demographic_training: {'accuracy': 0.7583, 'precision': 0.4706, 'recall': 0.2857, 'f1_score': 0.3556, 'specificity': 0.9022, 'roc_auc': 0.6238, 'pr_auc': 0.424, 'modality_configuration': 'M2_demographic_training', 'modalities': 'demographic+training'}
2026-09-10 17:54:06,836 [INFO] app.ml.train_models: Class imbalance detected (minority ratio=0.23). Applying SMOTE to training data only.
2026-09-10 17:54:07,129 [INFO] app.ml.ablation: M3_demographic_training_recovery: {'accuracy': 0.7667, 'precision': 0.5, 'recall': 0.1786, 'f1_score': 0.2632, 'specificity': 0.9457, 'roc_auc': 0.6262, 'pr_auc': 0.3884, 'modality_configuration': 'M3_demographic_training_recovery', 'modalities': 'demographic+training+recovery'}
2026-09-10 17:54:07,164 [INFO] app.ml.train_models: Class imbalance detected (minority ratio=0.23). Applying SMOTE to training data only.
2026-09-10 17:54:07,405 [INFO] app.ml.ablation: M4_demographic_training_physiological: {'accuracy': 0.7417, 'precision': 0.4, 'recall': 0.2143, 'f1_score': 0.2791, 'specificity': 0.9022, 'roc_auc': 0.5959, 'pr_auc': 0.3878, 'modality_configuration': 'M4_demographic_training_physiological', 'modalities': 'demographic+training+physiological'}
2026-09-10 17:54:07,440 [INFO] app.ml.train_models: Class imbalance detected (minority ratio=0.23). Applying SMOTE to training data only.
2026-09-10 17:54:07,745 [INFO] app.ml.ablation: M5_demo_training_physio_recovery_lifestyle: {'accuracy': 0.75, 'precision': 0.4167, 'recall': 0.1786, 'f1_score': 0.25, 'specificity': 0.9239, 'roc_auc': 0.5637, 'pr_auc': 0.362, 'modality_configuration': 'M5_demo_training_physio_recovery_lifestyle', 'modalities': 'demographic+training+physiological+recovery+lifestyle'}
2026-09-10 17:54:07,805 [INFO] app.ml.train_models: Class imbalance detected (minority ratio=0.23). Applying SMOTE to training data only.
2026-09-10 17:54:08,118 [INFO] app.ml.ablation: M6_all_modalities: {'accuracy': 0.7583, 'precision': 0.4615, 'recall': 0.2143, 'f1_score': 0.2927, 'specificity': 0.9239, 'roc_auc': 0.5889, 'pr_auc': 0.384, 'modality_configuration': 'M6_all_modalities', 'modalities': 'demographic+training+physiological+recovery+lifestyle+injury_history'}
2026-09-10 19:50:08,628 [INFO] app.main: Explainable Injury AI API starting up.
2026-09-10 19:50:11,677 [WARNING] app.main: Could not create MongoDB indexes at startup: SSL handshake failed: ac-3un6pzu-shard-00-01.rrjhnz7.mongodb.net:27017: [SSL: TLSV1_ALERT_INTERNAL_ERROR] tlsv1 alert internal error (_ssl.c:1032) (configured timeouts: socketTimeoutMS: 20000.0ms, connectTimeoutMS: 20000.0ms),SSL handshake failed: ac-3un6pzu-shard-00-00.rrjhnz7.mongodb.net:27017: [SSL: TLSV1_ALERT_INTERNAL_ERROR] tlsv1 alert internal error (_ssl.c:1032) (configured timeouts: socketTimeoutMS: 20000.0ms, connectTimeoutMS: 20000.0ms),SSL handshake failed: ac-3un6pzu-shard-00-02.rrjhnz7.mongodb.net:27017: [SSL: TLSV1_ALERT_INTERNAL_ERROR] tlsv1 alert internal error (_ssl.c:1032) (configured timeouts: socketTimeoutMS: 20000.0ms, connectTimeoutMS: 20000.0ms), Timeout: 3.0s, Topology Description: <TopologyDescription id: 6aa2bc8d304ce0ce45fdff52, topology_type: ReplicaSetNoPrimary, servers: [<ServerDescription ('ac-3un6pzu-shard-00-00.rrjhnz7.mongodb.net', 27017) server_type: Unknown, rtt: None, error=AutoReconnect('SSL handshake failed: ac-3un6pzu-shard-00-00.rrjhnz7.mongodb.net:27017: [SSL: TLSV1_ALERT_INTERNAL_ERROR] tlsv1 alert internal error (_ssl.c:1032) (configured timeouts: socketTimeoutMS: 20000.0ms, connectTimeoutMS: 20000.0ms)')>, <ServerDescription ('ac-3un6pzu-shard-00-01.rrjhnz7.mongodb.net', 27017) server_type: Unknown, rtt: None, error=AutoReconnect('SSL handshake failed: ac-3un6pzu-shard-00-01.rrjhnz7.mongodb.net:27017: [SSL: TLSV1_ALERT_INTERNAL_ERROR] tlsv1 alert internal error (_ssl.c:1032) (configured timeouts: socketTimeoutMS: 20000.0ms, connectTimeoutMS: 20000.0ms)')>, <ServerDescription ('ac-3un6pzu-shard-00-02.rrjhnz7.mongodb.net', 27017) server_type: Unknown, rtt: None, error=AutoReconnect('SSL handshake failed: ac-3un6pzu-shard-00-02.rrjhnz7.mongodb.net:27017: [SSL: TLSV1_ALERT_INTERNAL_ERROR] tlsv1 alert internal error (_ssl.c:1032) (configured timeouts: socketTimeoutMS: 20000.0ms, connectTimeoutMS: 20000.0ms)')>]>
2026-09-10 19:50:15,051 [WARNING] app.database.mongodb: MongoDB connectivity check failed: SSL handshake failed: ac-3un6pzu-shard-00-01.rrjhnz7.mongodb.net:27017: [SSL: TLSV1_ALERT_INTERNAL_ERROR] tlsv1 alert internal error (_ssl.c:1032) (configured timeouts: socketTimeoutMS: 20000.0ms, connectTimeoutMS: 20000.0ms),SSL handshake failed: ac-3un6pzu-shard-00-00.rrjhnz7.mongodb.net:27017: [SSL: TLSV1_ALERT_INTERNAL_ERROR] tlsv1 alert internal error (_ssl.c:1032) (configured timeouts: socketTimeoutMS: 20000.0ms, connectTimeoutMS: 20000.0ms),SSL handshake failed: ac-3un6pzu-shard-00-02.rrjhnz7.mongodb.net:27017: [SSL: TLSV1_ALERT_INTERNAL_ERROR] tlsv1 alert internal error (_ssl.c:1032) (configured timeouts: socketTimeoutMS: 20000.0ms, connectTimeoutMS: 20000.0ms), Timeout: 3.0s, Topology Description: <TopologyDescription id: 6aa2bc8d304ce0ce45fdff52, topology_type: ReplicaSetNoPrimary, servers: [<ServerDescription ('ac-3un6pzu-shard-00-00.rrjhnz7.mongodb.net', 27017) server_type: Unknown, rtt: None, error=AutoReconnect('SSL handshake failed: ac-3un6pzu-shard-00-00.rrjhnz7.mongodb.net:27017: [SSL: TLSV1_ALERT_INTERNAL_ERROR] tlsv1 alert internal error (_ssl.c:1032) (configured timeouts: socketTimeoutMS: 20000.0ms, connectTimeoutMS: 20000.0ms)')>, <ServerDescription ('ac-3un6pzu-shard-00-01.rrjhnz7.mongodb.net', 27017) server_type: Unknown, rtt: None, error=AutoReconnect('SSL handshake failed: ac-3un6pzu-shard-00-01.rrjhnz7.mongodb.net:27017: [SSL: TLSV1_ALERT_INTERNAL_ERROR] tlsv1 alert internal error (_ssl.c:1032) (configured timeouts: socketTimeoutMS: 20000.0ms, connectTimeoutMS: 20000.0ms)')>, <ServerDescription ('ac-3un6pzu-shard-00-02.rrjhnz7.mongodb.net', 27017) server_type: Unknown, rtt: None, error=AutoReconnect('SSL handshake failed: ac-3un6pzu-shard-00-02.rrjhnz7.mongodb.net:27017: [SSL: TLSV1_ALERT_INTERNAL_ERROR] tlsv1 alert internal error (_ssl.c:1032) (configured timeouts: socketTimeoutMS: 20000.0ms, connectTimeoutMS: 20000.0ms)')>]>
2026-09-10 19:50:28,528 [WARNING] app.database.mongodb: MongoDB connectivity check failed: SSL handshake failed: ac-3un6pzu-shard-00-01.rrjhnz7.mongodb.net:27017: [SSL: TLSV1_ALERT_INTERNAL_ERROR] tlsv1 alert internal error (_ssl.c:1032) (configured timeouts: socketTimeoutMS: 20000.0ms, connectTimeoutMS: 20000.0ms),SSL handshake failed: ac-3un6pzu-shard-00-00.rrjhnz7.mongodb.net:27017: [SSL: TLSV1_ALERT_INTERNAL_ERROR] tlsv1 alert internal error (_ssl.c:1032) (configured timeouts: socketTimeoutMS: 20000.0ms, connectTimeoutMS: 20000.0ms),SSL handshake failed: ac-3un6pzu-shard-00-02.rrjhnz7.mongodb.net:27017: [SSL: TLSV1_ALERT_INTERNAL_ERROR] tlsv1 alert internal error (_ssl.c:1032) (configured timeouts: socketTimeoutMS: 20000.0ms, connectTimeoutMS: 20000.0ms), Timeout: 3.0s, Topology Description: <TopologyDescription id: 6aa2bc8d304ce0ce45fdff52, topology_type: ReplicaSetNoPrimary, servers: [<ServerDescription ('ac-3un6pzu-shard-00-00.rrjhnz7.mongodb.net', 27017) server_type: Unknown, rtt: None, error=AutoReconnect('SSL handshake failed: ac-3un6pzu-shard-00-00.rrjhnz7.mongodb.net:27017: [SSL: TLSV1_ALERT_INTERNAL_ERROR] tlsv1 alert internal error (_ssl.c:1032) (configured timeouts: socketTimeoutMS: 20000.0ms, connectTimeoutMS: 20000.0ms)')>, <ServerDescription ('ac-3un6pzu-shard-00-01.rrjhnz7.mongodb.net', 27017) server_type: Unknown, rtt: None, error=AutoReconnect('SSL handshake failed: ac-3un6pzu-shard-00-01.rrjhnz7.mongodb.net:27017: [SSL: TLSV1_ALERT_INTERNAL_ERROR] tlsv1 alert internal error (_ssl.c:1032) (configured timeouts: socketTimeoutMS: 20000.0ms, connectTimeoutMS: 20000.0ms)')>, <ServerDescription ('ac-3un6pzu-shard-00-02.rrjhnz7.mongodb.net', 27017) server_type: Unknown, rtt: None, error=AutoReconnect('SSL handshake failed: ac-3un6pzu-shard-00-02.rrjhnz7.mongodb.net:27017: [SSL: TLSV1_ALERT_INTERNAL_ERROR] tlsv1 alert internal error (_ssl.c:1032) (configured timeouts: socketTimeoutMS: 20000.0ms, connectTimeoutMS: 20000.0ms)')>]>
2026-09-10 19:50:45,475 [WARNING] app.database.mongodb: MongoDB connectivity check failed: SSL handshake failed: ac-3un6pzu-shard-00-01.rrjhnz7.mongodb.net:27017: [SSL: TLSV1_ALERT_INTERNAL_ERROR] tlsv1 alert internal error (_ssl.c:1032) (configured timeouts: socketTimeoutMS: 20000.0ms, connectTimeoutMS: 20000.0ms),SSL handshake failed: ac-3un6pzu-shard-00-00.rrjhnz7.mongodb.net:27017: [SSL: TLSV1_ALERT_INTERNAL_ERROR] tlsv1 alert internal error (_ssl.c:1032) (configured timeouts: socketTimeoutMS: 20000.0ms, connectTimeoutMS: 20000.0ms),SSL handshake failed: ac-3un6pzu-shard-00-02.rrjhnz7.mongodb.net:27017: [SSL: TLSV1_ALERT_INTERNAL_ERROR] tlsv1 alert internal error (_ssl.c:1032) (configured timeouts: socketTimeoutMS: 20000.0ms, connectTimeoutMS: 20000.0ms), Timeout: 3.0s, Topology Description: <TopologyDescription id: 6aa2bc8d304ce0ce45fdff52, topology_type: ReplicaSetNoPrimary, servers: [<ServerDescription ('ac-3un6pzu-shard-00-00.rrjhnz7.mongodb.net', 27017) server_type: Unknown, rtt: None, error=AutoReconnect('SSL handshake failed: ac-3un6pzu-shard-00-00.rrjhnz7.mongodb.net:27017: [SSL: TLSV1_ALERT_INTERNAL_ERROR] tlsv1 alert internal error (_ssl.c:1032) (configured timeouts: socketTimeoutMS: 20000.0ms, connectTimeoutMS: 20000.0ms)')>, <ServerDescription ('ac-3un6pzu-shard-00-01.rrjhnz7.mongodb.net', 27017) server_type: Unknown, rtt: None, error=AutoReconnect('SSL handshake failed: ac-3un6pzu-shard-00-01.rrjhnz7.mongodb.net:27017: [SSL: TLSV1_ALERT_INTERNAL_ERROR] tlsv1 alert internal error (_ssl.c:1032) (configured timeouts: socketTimeoutMS: 20000.0ms, connectTimeoutMS: 20000.0ms)')>, <ServerDescription ('ac-3un6pzu-shard-00-02.rrjhnz7.mongodb.net', 27017) server_type: Unknown, rtt: None, error=AutoReconnect('SSL handshake failed: ac-3un6pzu-shard-00-02.rrjhnz7.mongodb.net:27017: [SSL: TLSV1_ALERT_INTERNAL_ERROR] tlsv1 alert internal error (_ssl.c:1032) (configured timeouts: socketTimeoutMS: 20000.0ms, connectTimeoutMS: 20000.0ms)')>]>
2026-09-10 19:54:47,529 [INFO] app.main: Explainable Injury AI API starting up.
2026-09-10 19:54:50,698 [WARNING] app.main: Could not create MongoDB indexes at startup: SSL handshake failed: ac-3un6pzu-shard-00-01.rrjhnz7.mongodb.net:27017: [SSL: TLSV1_ALERT_INTERNAL_ERROR] tlsv1 alert internal error (_ssl.c:1032) (configured timeouts: socketTimeoutMS: 20000.0ms, connectTimeoutMS: 20000.0ms),SSL handshake failed: ac-3un6pzu-shard-00-02.rrjhnz7.mongodb.net:27017: [SSL: TLSV1_ALERT_INTERNAL_ERROR] tlsv1 alert internal error (_ssl.c:1032) (configured timeouts: socketTimeoutMS: 20000.0ms, connectTimeoutMS: 20000.0ms),SSL handshake failed: ac-3un6pzu-shard-00-00.rrjhnz7.mongodb.net:27017: [SSL: TLSV1_ALERT_INTERNAL_ERROR] tlsv1 alert internal error (_ssl.c:1032) (configured timeouts: socketTimeoutMS: 20000.0ms, connectTimeoutMS: 20000.0ms), Timeout: 3.0s, Topology Description: <TopologyDescription id: 6aa2bda43b60590d06f92823, topology_type: ReplicaSetNoPrimary, servers: [<ServerDescription ('ac-3un6pzu-shard-00-00.rrjhnz7.mongodb.net', 27017) server_type: Unknown, rtt: None, error=AutoReconnect('SSL handshake failed: ac-3un6pzu-shard-00-00.rrjhnz7.mongodb.net:27017: [SSL: TLSV1_ALERT_INTERNAL_ERROR] tlsv1 alert internal error (_ssl.c:1032) (configured timeouts: socketTimeoutMS: 20000.0ms, connectTimeoutMS: 20000.0ms)')>, <ServerDescription ('ac-3un6pzu-shard-00-01.rrjhnz7.mongodb.net', 27017) server_type: Unknown, rtt: None, error=AutoReconnect('SSL handshake failed: ac-3un6pzu-shard-00-01.rrjhnz7.mongodb.net:27017: [SSL: TLSV1_ALERT_INTERNAL_ERROR] tlsv1 alert internal error (_ssl.c:1032) (configured timeouts: socketTimeoutMS: 20000.0ms, connectTimeoutMS: 20000.0ms)')>, <ServerDescription ('ac-3un6pzu-shard-00-02.rrjhnz7.mongodb.net', 27017) server_type: Unknown, rtt: None, error=AutoReconnect('SSL handshake failed: ac-3un6pzu-shard-00-02.rrjhnz7.mongodb.net:27017: [SSL: TLSV1_ALERT_INTERNAL_ERROR] tlsv1 alert internal error (_ssl.c:1032) (configured timeouts: socketTimeoutMS: 20000.0ms, connectTimeoutMS: 20000.0ms)')>]>
2026-09-10 19:55:31,131 [INFO] app.main: Explainable Injury AI API starting up.
2026-09-10 19:55:34,502 [WARNING] app.main: Could not create MongoDB indexes at startup: SSL handshake failed: ac-3un6pzu-shard-00-02.rrjhnz7.mongodb.net:27017: [SSL: TLSV1_ALERT_INTERNAL_ERROR] tlsv1 alert internal error (_ssl.c:1032) (configured timeouts: socketTimeoutMS: 20000.0ms, connectTimeoutMS: 20000.0ms),SSL handshake failed: ac-3un6pzu-shard-00-01.rrjhnz7.mongodb.net:27017: [SSL: TLSV1_ALERT_INTERNAL_ERROR] tlsv1 alert internal error (_ssl.c:1032) (configured timeouts: socketTimeoutMS: 20000.0ms, connectTimeoutMS: 20000.0ms),SSL handshake failed: ac-3un6pzu-shard-00-00.rrjhnz7.mongodb.net:27017: [SSL: TLSV1_ALERT_INTERNAL_ERROR] tlsv1 alert internal error (_ssl.c:1032) (configured timeouts: socketTimeoutMS: 20000.0ms, connectTimeoutMS: 20000.0ms), Timeout: 3.0s, Topology Description: <TopologyDescription id: 6aa2bdd208cf2fcdd6488ae6, topology_type: ReplicaSetNoPrimary, servers: [<ServerDescription ('ac-3un6pzu-shard-00-00.rrjhnz7.mongodb.net', 27017) server_type: Unknown, rtt: None, error=AutoReconnect('SSL handshake failed: ac-3un6pzu-shard-00-00.rrjhnz7.mongodb.net:27017: [SSL: TLSV1_ALERT_INTERNAL_ERROR] tlsv1 alert internal error (_ssl.c:1032) (configured timeouts: socketTimeoutMS: 20000.0ms, connectTimeoutMS: 20000.0ms)')>, <ServerDescription ('ac-3un6pzu-shard-00-01.rrjhnz7.mongodb.net', 27017) server_type: Unknown, rtt: None, error=AutoReconnect('SSL handshake failed: ac-3un6pzu-shard-00-01.rrjhnz7.mongodb.net:27017: [SSL: TLSV1_ALERT_INTERNAL_ERROR] tlsv1 alert internal error (_ssl.c:1032) (configured timeouts: socketTimeoutMS: 20000.0ms, connectTimeoutMS: 20000.0ms)')>, <ServerDescription ('ac-3un6pzu-shard-00-02.rrjhnz7.mongodb.net', 27017) server_type: Unknown, rtt: None, error=AutoReconnect('SSL handshake failed: ac-3un6pzu-shard-00-02.rrjhnz7.mongodb.net:27017: [SSL: TLSV1_ALERT_INTERNAL_ERROR] tlsv1 alert internal error (_ssl.c:1032) (configured timeouts: socketTimeoutMS: 20000.0ms, connectTimeoutMS: 20000.0ms)')>]>
2026-09-10 20:02:01,021 [INFO] app.main: Explainable Injury AI API starting up.
2026-09-10 20:02:04,069 [WARNING] app.main: Could not create MongoDB indexes at startup: SSL handshake failed: ac-3un6pzu-shard-00-00.rrjhnz7.mongodb.net:27017: [SSL: TLSV1_ALERT_INTERNAL_ERROR] tlsv1 alert internal error (_ssl.c:1032) (configured timeouts: socketTimeoutMS: 20000.0ms, connectTimeoutMS: 20000.0ms),SSL handshake failed: ac-3un6pzu-shard-00-01.rrjhnz7.mongodb.net:27017: [SSL: TLSV1_ALERT_INTERNAL_ERROR] tlsv1 alert internal error (_ssl.c:1032) (configured timeouts: socketTimeoutMS: 20000.0ms, connectTimeoutMS: 20000.0ms),SSL handshake failed: ac-3un6pzu-shard-00-02.rrjhnz7.mongodb.net:27017: [SSL: TLSV1_ALERT_INTERNAL_ERROR] tlsv1 alert internal error (_ssl.c:1032) (configured timeouts: socketTimeoutMS: 20000.0ms, connectTimeoutMS: 20000.0ms), Timeout: 3.0s, Topology Description: <TopologyDescription id: 6aa2bf5b266a0f6976cadbd0, topology_type: ReplicaSetNoPrimary, servers: [<ServerDescription ('ac-3un6pzu-shard-00-00.rrjhnz7.mongodb.net', 27017) server_type: Unknown, rtt: None, error=AutoReconnect('SSL handshake failed: ac-3un6pzu-shard-00-00.rrjhnz7.mongodb.net:27017: [SSL: TLSV1_ALERT_INTERNAL_ERROR] tlsv1 alert internal error (_ssl.c:1032) (configured timeouts: socketTimeoutMS: 20000.0ms, connectTimeoutMS: 20000.0ms)')>, <ServerDescription ('ac-3un6pzu-shard-00-01.rrjhnz7.mongodb.net', 27017) server_type: Unknown, rtt: None, error=AutoReconnect('SSL handshake failed: ac-3un6pzu-shard-00-01.rrjhnz7.mongodb.net:27017: [SSL: TLSV1_ALERT_INTERNAL_ERROR] tlsv1 alert internal error (_ssl.c:1032) (configured timeouts: socketTimeoutMS: 20000.0ms, connectTimeoutMS: 20000.0ms)')>, <ServerDescription ('ac-3un6pzu-shard-00-02.rrjhnz7.mongodb.net', 27017) server_type: Unknown, rtt: None, error=AutoReconnect('SSL handshake failed: ac-3un6pzu-shard-00-02.rrjhnz7.mongodb.net:27017: [SSL: TLSV1_ALERT_INTERNAL_ERROR] tlsv1 alert internal error (_ssl.c:1032) (configured timeouts: socketTimeoutMS: 20000.0ms, connectTimeoutMS: 20000.0ms)')>]>
2026-09-10 20:02:57,723 [WARNING] app.database.mongodb: MongoDB connectivity check failed: SSL handshake failed: ac-3un6pzu-shard-00-01.rrjhnz7.mongodb.net:27017: [SSL: TLSV1_ALERT_INTERNAL_ERROR] tlsv1 alert internal error (_ssl.c:1032) (configured timeouts: socketTimeoutMS: 20000.0ms, connectTimeoutMS: 20000.0ms),SSL handshake failed: ac-3un6pzu-shard-00-00.rrjhnz7.mongodb.net:27017: [SSL: TLSV1_ALERT_INTERNAL_ERROR] tlsv1 alert internal error (_ssl.c:1032) (configured timeouts: socketTimeoutMS: 20000.0ms, connectTimeoutMS: 20000.0ms),SSL handshake failed: ac-3un6pzu-shard-00-02.rrjhnz7.mongodb.net:27017: [SSL: TLSV1_ALERT_INTERNAL_ERROR] tlsv1 alert internal error (_ssl.c:1032) (configured timeouts: socketTimeoutMS: 20000.0ms, connectTimeoutMS: 20000.0ms), Timeout: 3.0s, Topology Description: <TopologyDescription id: 6aa2bc8d304ce0ce45fdff52, topology_type: ReplicaSetNoPrimary, servers: [<ServerDescription ('ac-3un6pzu-shard-00-00.rrjhnz7.mongodb.net', 27017) server_type: Unknown, rtt: None, error=AutoReconnect('SSL handshake failed: ac-3un6pzu-shard-00-00.rrjhnz7.mongodb.net:27017: [SSL: TLSV1_ALERT_INTERNAL_ERROR] tlsv1 alert internal error (_ssl.c:1032) (configured timeouts: socketTimeoutMS: 20000.0ms, connectTimeoutMS: 20000.0ms)')>, <ServerDescription ('ac-3un6pzu-shard-00-01.rrjhnz7.mongodb.net', 27017) server_type: Unknown, rtt: None, error=AutoReconnect('SSL handshake failed: ac-3un6pzu-shard-00-01.rrjhnz7.mongodb.net:27017: [SSL: TLSV1_ALERT_INTERNAL_ERROR] tlsv1 alert internal error (_ssl.c:1032) (configured timeouts: socketTimeoutMS: 20000.0ms, connectTimeoutMS: 20000.0ms)')>, <ServerDescription ('ac-3un6pzu-shard-00-02.rrjhnz7.mongodb.net', 27017) server_type: Unknown, rtt: None, error=AutoReconnect('SSL handshake failed: ac-3un6pzu-shard-00-02.rrjhnz7.mongodb.net:27017: [SSL: TLSV1_ALERT_INTERNAL_ERROR] tlsv1 alert internal error (_ssl.c:1032) (configured timeouts: socketTimeoutMS: 20000.0ms, connectTimeoutMS: 20000.0ms)')>]>
2026-09-10 20:04:14,048 [INFO] app.main: Explainable Injury AI API starting up.
2026-09-10 20:04:17,216 [WARNING] app.main: Could not create MongoDB indexes at startup: SSL handshake failed: ac-3un6pzu-shard-00-02.rrjhnz7.mongodb.net:27017: [SSL: TLSV1_ALERT_INTERNAL_ERROR] tlsv1 alert internal error (_ssl.c:1032) (configured timeouts: socketTimeoutMS: 20000.0ms, connectTimeoutMS: 20000.0ms),SSL handshake failed: ac-3un6pzu-shard-00-00.rrjhnz7.mongodb.net:27017: [SSL: TLSV1_ALERT_INTERNAL_ERROR] tlsv1 alert internal error (_ssl.c:1032) (configured timeouts: socketTimeoutMS: 20000.0ms, connectTimeoutMS: 20000.0ms),SSL handshake failed: ac-3un6pzu-shard-00-01.rrjhnz7.mongodb.net:27017: [SSL: TLSV1_ALERT_INTERNAL_ERROR] tlsv1 alert internal error (_ssl.c:1032) (configured timeouts: socketTimeoutMS: 20000.0ms, connectTimeoutMS: 20000.0ms), Timeout: 3.0s, Topology Description: <TopologyDescription id: 6aa2bfe19787d49c73bf30f0, topology_type: ReplicaSetNoPrimary, servers: [<ServerDescription ('ac-3un6pzu-shard-00-00.rrjhnz7.mongodb.net', 27017) server_type: Unknown, rtt: None, error=AutoReconnect('SSL handshake failed: ac-3un6pzu-shard-00-00.rrjhnz7.mongodb.net:27017: [SSL: TLSV1_ALERT_INTERNAL_ERROR] tlsv1 alert internal error (_ssl.c:1032) (configured timeouts: socketTimeoutMS: 20000.0ms, connectTimeoutMS: 20000.0ms)')>, <ServerDescription ('ac-3un6pzu-shard-00-01.rrjhnz7.mongodb.net', 27017) server_type: Unknown, rtt: None, error=AutoReconnect('SSL handshake failed: ac-3un6pzu-shard-00-01.rrjhnz7.mongodb.net:27017: [SSL: TLSV1_ALERT_INTERNAL_ERROR] tlsv1 alert internal error (_ssl.c:1032) (configured timeouts: socketTimeoutMS: 20000.0ms, connectTimeoutMS: 20000.0ms)')>, <ServerDescription ('ac-3un6pzu-shard-00-02.rrjhnz7.mongodb.net', 27017) server_type: Unknown, rtt: None, error=AutoReconnect('SSL handshake failed: ac-3un6pzu-shard-00-02.rrjhnz7.mongodb.net:27017: [SSL: TLSV1_ALERT_INTERNAL_ERROR] tlsv1 alert internal error (_ssl.c:1032) (configured timeouts: socketTimeoutMS: 20000.0ms, connectTimeoutMS: 20000.0ms)')>]>
2026-09-10 20:04:22,556 [INFO] app.main: Explainable Injury AI API starting up.
2026-09-10 20:04:25,665 [WARNING] app.main: Could not create MongoDB indexes at startup: SSL handshake failed: ac-3un6pzu-shard-00-02.rrjhnz7.mongodb.net:27017: [SSL: TLSV1_ALERT_INTERNAL_ERROR] tlsv1 alert internal error (_ssl.c:1032) (configured timeouts: socketTimeoutMS: 20000.0ms, connectTimeoutMS: 20000.0ms),SSL handshake failed: ac-3un6pzu-shard-00-00.rrjhnz7.mongodb.net:27017: [SSL: TLSV1_ALERT_INTERNAL_ERROR] tlsv1 alert internal error (_ssl.c:1032) (configured timeouts: socketTimeoutMS: 20000.0ms, connectTimeoutMS: 20000.0ms),SSL handshake failed: ac-3un6pzu-shard-00-01.rrjhnz7.mongodb.net:27017: [SSL: TLSV1_ALERT_INTERNAL_ERROR] tlsv1 alert internal error (_ssl.c:1032) (configured timeouts: socketTimeoutMS: 20000.0ms, connectTimeoutMS: 20000.0ms), Timeout: 3.0s, Topology Description: <TopologyDescription id: 6aa2bfeb9d9590bae22f3419, topology_type: ReplicaSetNoPrimary, servers: [<ServerDescription ('ac-3un6pzu-shard-00-00.rrjhnz7.mongodb.net', 27017) server_type: Unknown, rtt: None, error=AutoReconnect('SSL handshake failed: ac-3un6pzu-shard-00-00.rrjhnz7.mongodb.net:27017: [SSL: TLSV1_ALERT_INTERNAL_ERROR] tlsv1 alert internal error (_ssl.c:1032) (configured timeouts: socketTimeoutMS: 20000.0ms, connectTimeoutMS: 20000.0ms)')>, <ServerDescription ('ac-3un6pzu-shard-00-01.rrjhnz7.mongodb.net', 27017) server_type: Unknown, rtt: None, error=AutoReconnect('SSL handshake failed: ac-3un6pzu-shard-00-01.rrjhnz7.mongodb.net:27017: [SSL: TLSV1_ALERT_INTERNAL_ERROR] tlsv1 alert internal error (_ssl.c:1032) (configured timeouts: socketTimeoutMS: 20000.0ms, connectTimeoutMS: 20000.0ms)')>, <ServerDescription ('ac-3un6pzu-shard-00-02.rrjhnz7.mongodb.net', 27017) server_type: Unknown, rtt: None, error=AutoReconnect('SSL handshake failed: ac-3un6pzu-shard-00-02.rrjhnz7.mongodb.net:27017: [SSL: TLSV1_ALERT_INTERNAL_ERROR] tlsv1 alert internal error (_ssl.c:1032) (configured timeouts: socketTimeoutMS: 20000.0ms, connectTimeoutMS: 20000.0ms)')>]>
2026-09-10 20:07:53,519 [INFO] app.main: Explainable Injury AI API starting up.
2026-09-10 20:07:56,913 [WARNING] app.main: Could not create MongoDB indexes at startup: SSL handshake failed: ac-3un6pzu-shard-00-00.rrjhnz7.mongodb.net:27017: [SSL: TLSV1_ALERT_INTERNAL_ERROR] tlsv1 alert internal error (_ssl.c:1032) (configured timeouts: socketTimeoutMS: 20000.0ms, connectTimeoutMS: 20000.0ms),SSL handshake failed: ac-3un6pzu-shard-00-01.rrjhnz7.mongodb.net:27017: [SSL: TLSV1_ALERT_INTERNAL_ERROR] tlsv1 alert internal error (_ssl.c:1032) (configured timeouts: socketTimeoutMS: 20000.0ms, connectTimeoutMS: 20000.0ms),SSL handshake failed: ac-3un6pzu-shard-00-02.rrjhnz7.mongodb.net:27017: [SSL: TLSV1_ALERT_INTERNAL_ERROR] tlsv1 alert internal error (_ssl.c:1032) (configured timeouts: socketTimeoutMS: 20000.0ms, connectTimeoutMS: 20000.0ms), Timeout: 3.0s, Topology Description: <TopologyDescription id: 6aa2c0be31dcae78443b3a79, topology_type: ReplicaSetNoPrimary, servers: [<ServerDescription ('ac-3un6pzu-shard-00-00.rrjhnz7.mongodb.net', 27017) server_type: Unknown, rtt: None, error=AutoReconnect('SSL handshake failed: ac-3un6pzu-shard-00-00.rrjhnz7.mongodb.net:27017: [SSL: TLSV1_ALERT_INTERNAL_ERROR] tlsv1 alert internal error (_ssl.c:1032) (configured timeouts: socketTimeoutMS: 20000.0ms, connectTimeoutMS: 20000.0ms)')>, <ServerDescription ('ac-3un6pzu-shard-00-01.rrjhnz7.mongodb.net', 27017) server_type: Unknown, rtt: None, error=AutoReconnect('SSL handshake failed: ac-3un6pzu-shard-00-01.rrjhnz7.mongodb.net:27017: [SSL: TLSV1_ALERT_INTERNAL_ERROR] tlsv1 alert internal error (_ssl.c:1032) (configured timeouts: socketTimeoutMS: 20000.0ms, connectTimeoutMS: 20000.0ms)')>, <ServerDescription ('ac-3un6pzu-shard-00-02.rrjhnz7.mongodb.net', 27017) server_type: Unknown, rtt: None, error=AutoReconnect('SSL handshake failed: ac-3un6pzu-shard-00-02.rrjhnz7.mongodb.net:27017: [SSL: TLSV1_ALERT_INTERNAL_ERROR] tlsv1 alert internal error (_ssl.c:1032) (configured timeouts: socketTimeoutMS: 20000.0ms, connectTimeoutMS: 20000.0ms)')>]>
2026-09-10 20:11:31,030 [WARNING] app.database.mongodb: MongoDB connectivity check failed: SSL handshake failed: ac-3un6pzu-shard-00-01.rrjhnz7.mongodb.net:27017: [SSL: TLSV1_ALERT_INTERNAL_ERROR] tlsv1 alert internal error (_ssl.c:1032) (configured timeouts: socketTimeoutMS: 20000.0ms, connectTimeoutMS: 20000.0ms),SSL handshake failed: ac-3un6pzu-shard-00-00.rrjhnz7.mongodb.net:27017: [SSL: TLSV1_ALERT_INTERNAL_ERROR] tlsv1 alert internal error (_ssl.c:1032) (configured timeouts: socketTimeoutMS: 20000.0ms, connectTimeoutMS: 20000.0ms),SSL handshake failed: ac-3un6pzu-shard-00-02.rrjhnz7.mongodb.net:27017: [SSL: TLSV1_ALERT_INTERNAL_ERROR] tlsv1 alert internal error (_ssl.c:1032) (configured timeouts: socketTimeoutMS: 20000.0ms, connectTimeoutMS: 20000.0ms), Timeout: 3.0s, Topology Description: <TopologyDescription id: 6aa2bc8d304ce0ce45fdff52, topology_type: ReplicaSetNoPrimary, servers: [<ServerDescription ('ac-3un6pzu-shard-00-00.rrjhnz7.mongodb.net', 27017) server_type: Unknown, rtt: None, error=AutoReconnect('SSL handshake failed: ac-3un6pzu-shard-00-00.rrjhnz7.mongodb.net:27017: [SSL: TLSV1_ALERT_INTERNAL_ERROR] tlsv1 alert internal error (_ssl.c:1032) (configured timeouts: socketTimeoutMS: 20000.0ms, connectTimeoutMS: 20000.0ms)')>, <ServerDescription ('ac-3un6pzu-shard-00-01.rrjhnz7.mongodb.net', 27017) server_type: Unknown, rtt: None, error=AutoReconnect('SSL handshake failed: ac-3un6pzu-shard-00-01.rrjhnz7.mongodb.net:27017: [SSL: TLSV1_ALERT_INTERNAL_ERROR] tlsv1 alert internal error (_ssl.c:1032) (configured timeouts: socketTimeoutMS: 20000.0ms, connectTimeoutMS: 20000.0ms)')>, <ServerDescription ('ac-3un6pzu-shard-00-02.rrjhnz7.mongodb.net', 27017) server_type: Unknown, rtt: None, error=AutoReconnect('SSL handshake failed: ac-3un6pzu-shard-00-02.rrjhnz7.mongodb.net:27017: [SSL: TLSV1_ALERT_INTERNAL_ERROR] tlsv1 alert internal error (_ssl.c:1032) (configured timeouts: socketTimeoutMS: 20000.0ms, connectTimeoutMS: 20000.0ms)')>]>
2026-09-11 13:07:37,076 [INFO] app.main: Explainable Injury AI API starting up.
2026-09-11 13:07:40,301 [WARNING] app.main: Could not create MongoDB indexes at startup: SSL handshake failed: ac-3un6pzu-shard-00-00.rrjhnz7.mongodb.net:27017: [SSL: TLSV1_ALERT_INTERNAL_ERROR] tlsv1 alert internal error (_ssl.c:1032) (configured timeouts: socketTimeoutMS: 20000.0ms, connectTimeoutMS: 20000.0ms),SSL handshake failed: ac-3un6pzu-shard-00-01.rrjhnz7.mongodb.net:27017: [SSL: TLSV1_ALERT_INTERNAL_ERROR] tlsv1 alert internal error (_ssl.c:1032) (configured timeouts: socketTimeoutMS: 20000.0ms, connectTimeoutMS: 20000.0ms),SSL handshake failed: ac-3un6pzu-shard-00-02.rrjhnz7.mongodb.net:27017: [SSL: TLSV1_ALERT_INTERNAL_ERROR] tlsv1 alert internal error (_ssl.c:1032) (configured timeouts: socketTimeoutMS: 20000.0ms, connectTimeoutMS: 20000.0ms), Timeout: 3.0s, Topology Description: <TopologyDescription id: 6aa3afb574a6e02a4385892e, topology_type: ReplicaSetNoPrimary, servers: [<ServerDescription ('ac-3un6pzu-shard-00-00.rrjhnz7.mongodb.net', 27017) server_type: Unknown, rtt: None, error=AutoReconnect('SSL handshake failed: ac-3un6pzu-shard-00-00.rrjhnz7.mongodb.net:27017: [SSL: TLSV1_ALERT_INTERNAL_ERROR] tlsv1 alert internal error (_ssl.c:1032) (configured timeouts: socketTimeoutMS: 20000.0ms, connectTimeoutMS: 20000.0ms)')>, <ServerDescription ('ac-3un6pzu-shard-00-01.rrjhnz7.mongodb.net', 27017) server_type: Unknown, rtt: None, error=AutoReconnect('SSL handshake failed: ac-3un6pzu-shard-00-01.rrjhnz7.mongodb.net:27017: [SSL: TLSV1_ALERT_INTERNAL_ERROR] tlsv1 alert internal error (_ssl.c:1032) (configured timeouts: socketTimeoutMS: 20000.0ms, connectTimeoutMS: 20000.0ms)')>, <ServerDescription ('ac-3un6pzu-shard-00-02.rrjhnz7.mongodb.net', 27017) server_type: Unknown, rtt: None, error=AutoReconnect('SSL handshake failed: ac-3un6pzu-shard-00-02.rrjhnz7.mongodb.net:27017: [SSL: TLSV1_ALERT_INTERNAL_ERROR] tlsv1 alert internal error (_ssl.c:1032) (configured timeouts: socketTimeoutMS: 20000.0ms, connectTimeoutMS: 20000.0ms)')>]>
2026-09-11 13:09:20,990 [ERROR] app.main: MongoDB error on POST /api/auth/login: SSL handshake failed: ac-3un6pzu-shard-00-00.rrjhnz7.mongodb.net:27017: [SSL: TLSV1_ALERT_INTERNAL_ERROR] tlsv1 alert internal error (_ssl.c:1032) (configured timeouts: socketTimeoutMS: 20000.0ms, connectTimeoutMS: 20000.0ms),SSL handshake failed: ac-3un6pzu-shard-00-01.rrjhnz7.mongodb.net:27017: [SSL: TLSV1_ALERT_INTERNAL_ERROR] tlsv1 alert internal error (_ssl.c:1032) (configured timeouts: socketTimeoutMS: 20000.0ms, connectTimeoutMS: 20000.0ms),SSL handshake failed: ac-3un6pzu-shard-00-02.rrjhnz7.mongodb.net:27017: [SSL: TLSV1_ALERT_INTERNAL_ERROR] tlsv1 alert internal error (_ssl.c:1032) (configured timeouts: socketTimeoutMS: 20000.0ms, connectTimeoutMS: 20000.0ms), Timeout: 3.0s, Topology Description: <TopologyDescription id: 6aa3afb574a6e02a4385892e, topology_type: ReplicaSetNoPrimary, servers: [<ServerDescription ('ac-3un6pzu-shard-00-00.rrjhnz7.mongodb.net', 27017) server_type: Unknown, rtt: None, error=AutoReconnect('SSL handshake failed: ac-3un6pzu-shard-00-00.rrjhnz7.mongodb.net:27017: [SSL: TLSV1_ALERT_INTERNAL_ERROR] tlsv1 alert internal error (_ssl.c:1032) (configured timeouts: socketTimeoutMS: 20000.0ms, connectTimeoutMS: 20000.0ms)')>, <ServerDescription ('ac-3un6pzu-shard-00-01.rrjhnz7.mongodb.net', 27017) server_type: Unknown, rtt: None, error=AutoReconnect('SSL handshake failed: ac-3un6pzu-shard-00-01.rrjhnz7.mongodb.net:27017: [SSL: TLSV1_ALERT_INTERNAL_ERROR] tlsv1 alert internal error (_ssl.c:1032) (configured timeouts: socketTimeoutMS: 20000.0ms, connectTimeoutMS: 20000.0ms)')>, <ServerDescription ('ac-3un6pzu-shard-00-02.rrjhnz7.mongodb.net', 27017) server_type: Unknown, rtt: None, error=AutoReconnect('SSL handshake failed: ac-3un6pzu-shard-00-02.rrjhnz7.mongodb.net:27017: [SSL: TLSV1_ALERT_INTERNAL_ERROR] tlsv1 alert internal error (_ssl.c:1032) (configured timeouts: socketTimeoutMS: 20000.0ms, connectTimeoutMS: 20000.0ms)')>]>
2026-09-11 13:55:52,665 [ERROR] app.main: MongoDB error on POST /api/auth/register: SSL handshake failed: ac-3un6pzu-shard-00-00.rrjhnz7.mongodb.net:27017: [SSL: TLSV1_ALERT_INTERNAL_ERROR] tlsv1 alert internal error (_ssl.c:1032) (configured timeouts: socketTimeoutMS: 20000.0ms, connectTimeoutMS: 20000.0ms),SSL handshake failed: ac-3un6pzu-shard-00-01.rrjhnz7.mongodb.net:27017: [SSL: TLSV1_ALERT_INTERNAL_ERROR] tlsv1 alert internal error (_ssl.c:1032) (configured timeouts: socketTimeoutMS: 20000.0ms, connectTimeoutMS: 20000.0ms),SSL handshake failed: ac-3un6pzu-shard-00-02.rrjhnz7.mongodb.net:27017: [SSL: TLSV1_ALERT_INTERNAL_ERROR] tlsv1 alert internal error (_ssl.c:1032) (configured timeouts: socketTimeoutMS: 20000.0ms, connectTimeoutMS: 20000.0ms), Timeout: 3.0s, Topology Description: <TopologyDescription id: 6aa3afb574a6e02a4385892e, topology_type: ReplicaSetNoPrimary, servers: [<ServerDescription ('ac-3un6pzu-shard-00-00.rrjhnz7.mongodb.net', 27017) server_type: Unknown, rtt: None, error=AutoReconnect('SSL handshake failed: ac-3un6pzu-shard-00-00.rrjhnz7.mongodb.net:27017: [SSL: TLSV1_ALERT_INTERNAL_ERROR] tlsv1 alert internal error (_ssl.c:1032) (configured timeouts: socketTimeoutMS: 20000.0ms, connectTimeoutMS: 20000.0ms)')>, <ServerDescription ('ac-3un6pzu-shard-00-01.rrjhnz7.mongodb.net', 27017) server_type: Unknown, rtt: None, error=AutoReconnect('SSL handshake failed: ac-3un6pzu-shard-00-01.rrjhnz7.mongodb.net:27017: [SSL: TLSV1_ALERT_INTERNAL_ERROR] tlsv1 alert internal error (_ssl.c:1032) (configured timeouts: socketTimeoutMS: 20000.0ms, connectTimeoutMS: 20000.0ms)')>, <ServerDescription ('ac-3un6pzu-shard-00-02.rrjhnz7.mongodb.net', 27017) server_type: Unknown, rtt: None, error=AutoReconnect('SSL handshake failed: ac-3un6pzu-shard-00-02.rrjhnz7.mongodb.net:27017: [SSL: TLSV1_ALERT_INTERNAL_ERROR] tlsv1 alert internal error (_ssl.c:1032) (configured timeouts: socketTimeoutMS: 20000.0ms, connectTimeoutMS: 20000.0ms)')>]>
2026-09-11 14:22:34,806 [INFO] app.main: Explainable Injury AI API starting up.
2026-09-11 14:22:34,830 [INFO] app.database.mongodb: MongoDB indexes ensured.
2026-09-15 14:35:08,191 [INFO] app.main: Explainable Injury AI API starting up.
2026-09-15 14:35:09,504 [INFO] app.database.mongodb: MongoDB indexes ensured.
2026-09-15 14:37:44,847 [INFO] app.main: Explainable Injury AI API starting up.
2026-09-15 14:37:46,015 [INFO] app.database.mongodb: MongoDB indexes ensured.
2026-09-15 14:40:47,393 [INFO] app.main: Explainable Injury AI API starting up.
2026-09-15 14:40:48,614 [INFO] app.database.mongodb: MongoDB indexes ensured.
2026-09-15 14:47:52,063 [INFO] app.main: Explainable Injury AI API starting up.
2026-09-15 14:47:53,169 [INFO] app.database.mongodb: MongoDB indexes ensured.
2026-09-15 14:49:41,460 [INFO] app.main: Explainable Injury AI API starting up.
2026-09-15 14:49:42,815 [INFO] app.database.mongodb: MongoDB indexes ensured.
